State ID,State Type,정의,판정 기준,출처 원본 행번호,사용 TC 수
STA_ACCOUNT_LOGGED_IN,Account State,카카오 계정 로그인 완료 상태,앱 진입 시 로그인 화면이 아닌 서비스 화면으로 진입 가능,366 369 372 374,4
STA_ONE_ON_ONE_CHATROOM,Data State,1:1 채팅방이 존재하는 상태,대상 1:1 채팅방이 채팅 목록에 존재,9 33 64 77 83 92 118 119 120 191 208 350 353 412 414 510 516 518 595 648 649 650 651 652 690 704 716 841 846 868 872 876 910,33
STA_GROUP_CHATROOM,Data State,그룹(단체) 채팅방이 존재하는 상태,대상 그룹 채팅방이 채팅 목록에 존재,10 33 40 60 61 63 65 67 68 69 70 93 151 172 204 217 218 222 223 224 225 226 227 229 230 231 232 233 234 236 237 238 239 240 241 242 351 354 415 512 513 514 516 597 627 630 705 717 842 847 869 873 877 911 914,55
STA_NETWORK_CONNECTED,Network State,정상 Wi-Fi/데이터 네트워크에 연결된 상태,네트워크 상태 표시줄에 오프라인 안내가 없음,276 277,2
STA_NETWORK_UNSTABLE,Network State,네트워크가 불안정하거나 약한 상태,전송 시 지연·재시도가 발생,23 273 274,3
STA_AIRPLANE_MODE,Network State,비행기 모드(오프라인) 상태,기기 설정의 비행기 모드가 ON,19 272,2
STA_MEDIA_PERMISSION_ALLOWED,Permission State,사진/미디어 접근 권한이 허용된 상태,앨범 피커 진입 시 권한 요청 팝업 없이 이미지 목록 노출,186 880 881 889,4
STA_UPLOAD_IN_PROGRESS,Data State,이미지/파일 업로드가 진행 중인 상태,송신 말풍선에 진행 인디케이터(종이비행기 등)가 표시됨,699 700 701,3
STA_MESSAGE_RECEIVED,Data State,수신 계정이 메시지를 수신한 상태,수신 대화방에 수신 말풍선이 노출됨,17 46 47 48 79 80 81 83 89 90 91 92 93 125 146 152 153 191,18
STA_AUTO_DOWNLOAD_OFF,UI State,미디어 자동 다운로드 설정이 꺼진 상태,미디어 자동 다운로드 설정이 꺼진 상태,288 289 290 291 292 294 295 296 297 298,10
STA_AUTO_DOWNLOAD_ON,UI State,미디어 자동 다운로드 설정이 켜진 상태,미디어 자동 다운로드 설정이 켜진 상태,300 301 302 303 304 305 306,7
STA_BLOCKED_RELATION,Data State,상대를 차단했거나 차단당한 관계 상태,상대를 차단했거나 차단당한 관계 상태,40 41 64 65 69 84 85 86 134 690 857 858,12
STA_CAMERA_PERMISSION_ALLOWED,Permission State,카메라 접근 권한이 허용된 상태,카메라 접근 권한이 허용된 상태,483 486 487 492 495 496 500 881,8
STA_CHATROOM_ENTERED,UI State,대상 채팅방에 진입해 메시지 송수신이 가능한 상태,대상 채팅방에 진입해 메시지 송수신이 가능한 상태,6 9 10 11 12 13 15 17 19 20 21 23 24 27 28 29 30 33 34 35 36 37 38 39 40 41 43 46 47 48 50 51 52 53 54 56 57 60 61 63 64 65 67 68 69 70 72 123 124 125 127 128 130 131 133 136 138 139 140 141 217 218 264 272 273 274 289 290 291 292 294 295 296 297 298 300 301 302 303 304 305 306 309 310 315 316 317 318 319 320 321 322 325 326 327 328 329 330 331 332 335 337 338 339 340 342 343 347 348 349 350 351 353 354 355 358 366 369 372 374 379 384 387 388 389 390 391 393 394 395 397 398 399 401 402 403 405 406 407 409 412 414 415 416 417 421 422 424 425 427 429 430 431 433 436 437 438 439 441 442 443 444 445 446 447 448 450 451 452 453 454 458 459 460 461 463 464 468 469 470 471 473 474 476 477 479 480 483 486 487 492 495 496 500 503 504 506 507 510 512 513 514 516 518 520 521 522 526 530 531 532 533 534 535 537 538 539 670 671 673 674 675 681 682 683 685 686 689 692 693 695 699 700 704 705 708 709 711 712 714 716 717 725 727 728 790 792 793 794 796 797 798 799 800 801 817 819 823 824 825 826 827 831 835 838 839 844 889 890 891 892 893 895 896 897 898 899 900 901 902 903 905 906 907 908 910 911 913 914 916 918 919 920 922 923 925 928 929 931 932 935 936 937 938 940 941 943 944,308
STA_CONTEXT_MENU_OPEN,UI State,말풍선 컨텍스트 메뉴가 열린 상태,말풍선 컨텍스트 메뉴가 열린 상태,174 180 181 184 189 193 623,7
STA_DEAUTH_FRIEND,Data State,상대가 인증을 잃은(인증 박탈) 친구인 상태,상대가 인증을 잃은(인증 박탈) 친구인 상태,41,1
STA_DOWNLOAD_IN_PROGRESS,Data State,미디어/파일 다운로드가 진행 중인 상태,미디어/파일 다운로드가 진행 중인 상태,546 555 566 575 581 589,6
STA_DOWNLOAD_PAUSED,Data State,다운로드를 중단한 항목이 있는 상태,다운로드를 중단한 항목이 있는 상태,564 565 587 588,4
STA_FILE_RECEIVED,Data State,파일을 수신한 상태(파일 말풍선 존재),파일을 수신한 상태(파일 말풍선 존재),284 291 297 304 305 589 590 591 690,9
STA_FRIEND_RELATION,Data State,상대가 친구로 등록된 관계 상태,상대가 친구로 등록된 관계 상태,46 47 838 846 847 861,6
STA_IMAGE_RECEIVED,Data State,사진/이미지를 수신한 상태,사진/이미지를 수신한 상태,281 282 288 289 294 295 300 301,8
STA_INPUT_BLOCKED_CHATROOM,UI State,입력창이 막힌 상태의 채팅방(차단/인증박탈/탈퇴 등),입력창이 막힌 상태의 채팅방(차단/인증박탈/탈퇴 등),41 134 135,3
STA_LOCATION_PERMISSION_ALLOWED,Permission State,위치 접근 권한이 허용된 상태,위치 접근 권한이 허용된 상태,362 634,2
STA_MEDIA_MESSAGE_EXISTS,Data State,대상 미디어(사진/동영상/파일) 말풍선이 존재하는 상태,대상 미디어(사진/동영상/파일) 말풍선이 존재하는 상태,479 480 506 507 692 693 694 695 897 898 899 900 901 902,14
STA_MESSAGES_OVER_ONE_PAGE,Data State,수발신 메시지가 한 페이지 이상 쌓인 상태,수발신 메시지가 한 페이지 이상 쌓인 상태,53 54,2
STA_MESSAGE_SENT,Data State,대상 메시지를 전송 완료한 상태(송신 말풍선 존재),대상 메시지를 전송 완료한 상태(송신 말풍선 존재),17 172 189 190 193 694 928 929 931 932 935 936 938 940 941,15
STA_NETWORK_CELLULAR,Data State,셀룰러(LTE/5G) 네트워크에 연결된 상태,셀룰러(LTE/5G) 네트워크에 연결된 상태,281 282 283 284 285 454,6
STA_NETWORK_WIFI,Data State,Wi-Fi 네트워크에 연결된 상태,Wi-Fi 네트워크에 연결된 상태,288 289 290 291 292 294 295 296 297 298 300 301 302 303 304 305 306,17
STA_NON_FRIEND_RELATION,Data State,상대가 친구가 아닌(비친구) 관계 상태,상대가 친구가 아닌(비친구) 관계 상태,48 68 79 80 81 83 89 90 91 92 93 191 690 839 849 851 852 854 855 862,20
STA_NOTIFICATION_OFF,Data State,채팅방 알림이 꺼져 있는 상태,채팅방 알림이 꺼져 있는 상태,172 709,2
STA_NOTIFICATION_ON,Data State,채팅방 알림이 켜져 있는 상태,채팅방 알림이 켜져 있는 상태,75 76 708,3
STA_OPEN_CHATROOM,Data State,오픈채팅방이 대상인 상태,오픈채팅방이 대상인 상태,206 516,2
STA_RESTORED_BUBBLE_EXISTS,Data State,복원된 말풍선이 채팅방에 존재하는 상태,복원된 말풍선이 채팅방에 존재하는 상태,38 39,2
STA_SELF_CHATROOM,Data State,나와의 채팅방이 대상인 상태,나와의 채팅방이 대상인 상태,43 212 347 416 920 922 923 925 931 935 936 937 938 940 941 943 944 945 946 947,20
STA_SEND_FAILED,Data State,메시지/미디어 전송에 실패한 상태,메시지/미디어 전송에 실패한 상태,19 20 21,3
STA_SEND_PENDING_MESSAGE_EXISTS,Data State,네트워크 불안정으로 전송 대기(미전송) 중인 메시지가 있는 상태,네트워크 불안정으로 전송 대기(미전송) 중인 메시지가 있는 상태,24 276 277,3
STA_SENT_WITHIN_24H,Data State,전송 후 24시간이 지나지 않은 메시지가 존재하는 상태,전송 후 24시간이 지나지 않은 메시지가 존재하는 상태,189 193 694 928,4
STA_TEAM_CHATROOM,Data State,팀채팅방이 대상인 상태,팀채팅방이 대상인 상태,38 355 516 830,4
STA_VIDEO_RECEIVED,Data State,동영상을 수신한 상태,동영상을 수신한 상태,283 290 296 302 303,5
STA_WITHDRAWN_FRIEND,Data State,상대가 탈퇴한 친구인 상태,상대가 탈퇴한 친구인 상태,41 70 135,3
STA_X_ADDRESS_BOOK_NOT_SAVED,Data State,상대가 주소록에 저장되지 않은(전화번호 없음) 상태,[검토 필요] 상대가 주소록에 저장되지 않은(전화번호 없음) 상태,47,1
STA_X_ADDRESS_BOOK_REGISTERED,Data State,상대가 주소록에 등록(전화번호 저장)된 상태,[검토 필요] 상대가 주소록에 등록(전화번호 저장)된 상태,46,1
STA_X_ALBUM_PICKER_FULLVIEW_OPEN,UI State,앨범 피커 풀뷰가 열린 상태,[검토 필요] 앨범 피커 풀뷰가 열린 상태,429 430 431 433,4
STA_X_ALBUM_PICKER_HALFVIEW_OPEN,UI State,앨범 피커 하프뷰가 열린 상태,[검토 필요] 앨범 피커 하프뷰가 열린 상태,422 424 425 427,4
STA_X_ANALYZABLE_IMAGE_EXISTS,Data State,텍스트 분석이 가능한 이미지 말풍선이 존재하는 상태,[검토 필요] 텍스트 분석이 가능한 이미지 말풍선이 존재하는 상태,468 469 470 471 473 474,6
STA_X_APP_BACKGROUND,UI State,앱이 백그라운드로 전환된 상태,[검토 필요] 앱이 백그라운드로 전환된 상태,699 700 701,3
STA_X_BACKGROUND_ACTIVITIES_MULTIPLE,Data State,다이내믹 아일랜드 백그라운드 활동이 2개 이상인 상태,[검토 필요] 다이내믹 아일랜드 백그라운드 활동이 2개 이상인 상태,701,1
STA_X_BLOCK_RELEASED_RELATION,Data State,상대 차단을 해제한(비차단) 관계 상태,[검토 필요] 상대 차단을 해제한(비차단) 관계 상태,87,1
STA_X_BOARD_POST_EXISTS,Data State,톡게시판에 게시글이 존재하는 상태,[검토 필요] 톡게시판에 게시글이 존재하는 상태,800 801 803 805 806 807 808 809 811,9
STA_X_BOOKMARK_ABSENT,Data State,채팅방에 책갈피가 설정되어 있지 않은 상태,[검토 필요] 채팅방에 책갈피가 설정되어 있지 않은 상태,97,1
STA_X_BOOKMARK_EXISTS,Data State,채팅방에 책갈피가 설정되어 있는 상태,[검토 필요] 채팅방에 책갈피가 설정되어 있는 상태,96 111,2
STA_X_BOT_ADDED_TO_CHATROOM,Data State,챗봇이 채팅방에 추가된 상태,[검토 필요] 챗봇이 채팅방에 추가된 상태,823 824 825 826 827 829 830 833,8
STA_X_BOT_COMMAND_GUIDE_REGISTERED,Data State,명령어 가이드가 등록된 챗봇이 있는 상태,[검토 필요] 명령어 가이드가 등록된 챗봇이 있는 상태,824 825 826 827,4
STA_X_BOT_REMOVED_FROM_CHATROOM,Data State,챗봇이 채팅방에서 제거된 상태,[검토 필요] 챗봇이 채팅방에서 제거된 상태,831,1
STA_X_BUBBLE_TAGGED,Data State,말풍선에 태그가 추가된 상태,[검토 필요] 말풍선에 태그가 추가된 상태,938 943 944,3
STA_X_BUBBLE_TAG_MAX_REACHED,Data State,하나의 말풍선에 태그가 3개(최대)까지 추가된 상태,[검토 필요] 하나의 말풍선에 태그가 3개(최대)까지 추가된 상태,936,1
STA_X_BUNDLE_SEND_OFF,UI State,사진 묶어보내기 설정이 꺼진 상태,[검토 필요] 사진 묶어보내기 설정이 꺼진 상태,446 448,2
STA_X_BUNDLE_SEND_ON,UI State,사진 묶어보내기 설정이 켜진 상태,[검토 필요] 사진 묶어보내기 설정이 켜진 상태,450 451 452 453 454 459,6
STA_X_CALL_BUBBLE_EXISTS,Data State,통화 관련 말풍선이 존재하는 상태,[검토 필요] 통화 관련 말풍선이 존재하는 상태,521 522,2
STA_X_CALL_HISTORY_EXISTS,Data State,통화 이력이 존재하는 상태,[검토 필요] 통화 이력이 존재하는 상태,517,1
STA_X_CAPTURE_MODE_ACTIVE,UI State,캡처 영역 선택 모드가 활성화된 상태,[검토 필요] 캡처 영역 선택 모드가 활성화된 상태,185 186 187,3
STA_X_CAPTURE_MODE_ENTERED,UI State,캡처 영역 선택 모드에 진입한 상태,[검토 필요] 캡처 영역 선택 모드에 진입한 상태,641 642 643 644 645,5
STA_X_CHANNEL_CHATROOM,Data State,채널과의 1:1 채팅방이 대상인 상태,[검토 필요] 채널과의 1:1 채팅방이 대상인 상태,209 417,2
STA_X_CHANNEL_CHATROOM_CHATTABLE,Data State,채팅이 가능한 채널 채팅방이 대상인 상태,[검토 필요] 채팅이 가능한 채널 채팅방이 대상인 상태,348,1
STA_X_CHANNEL_CHATROOM_NON_CHATTABLE,Data State,채팅이 불가능한 채널 채팅방이 대상인 상태,[검토 필요] 채팅이 불가능한 채널 채팅방이 대상인 상태,349,1
STA_X_CHANNEL_HOME_AUTOPLAY_VIDEO,Data State,동영상이 자동재생되는 채널홈인 상태,[검토 필요] 동영상이 자동재생되는 채널홈인 상태,258,1
STA_X_CHATBOT_LIST_ENTERED,UI State,챗봇 목록 화면에 진입한 상태,[검토 필요] 챗봇 목록 화면에 진입한 상태,821 822 829 830 832 833,6
STA_X_CHATROOM_INPUT_LOCKED,UI State,주의가 필요한 방으로 입력창이 잠금된 상태,[검토 필요] 주의가 필요한 방으로 입력창이 잠금된 상태,143 144,2
STA_X_CHATROOM_INPUT_UNLOCKED,UI State,입력창 잠금을 일시 해제한 상태(재진입 시 재잠금 대상 방),[검토 필요] 입력창 잠금을 일시 해제한 상태(재진입 시 재잠금 대상 방),145,1
STA_X_CHATROOM_MEMBERS_UNDER_10,Data State,채팅방 인원이 10명 미만인 상태,[검토 필요] 채팅방 인원이 10명 미만인 상태,401,1
STA_X_CHATROOM_MEMBERS_UNDER_100,Data State,채팅방 멤버가 100명 미만인 상태,[검토 필요] 채팅방 멤버가 100명 미만인 상태,367 370 373 375,4
STA_X_CHATROOM_SETTINGS_ENTERED,UI State,채팅방 설정 페이지에 진입한 상태,[검토 필요] 채팅방 설정 페이지에 진입한 상태,874 875,2
STA_X_CONTACT_MESSAGE_EXISTS,Data State,연락처 보내기 말풍선이 존재하는 상태,[검토 필요] 연락처 보내기 말풍선이 존재하는 상태,665,1
STA_X_CONVERSATION_EXISTS,Data State,채팅방에 대화 내용(수발신 내역)이 존재하는 상태,[검토 필요] 채팅방에 대화 내용(수발신 내역)이 존재하는 상태,897,1
STA_X_CURSOR_PRECEDED_BY_SPACE,UI State,입력 커서 앞에 공백문자가 1개 이상 있는 상태,[검토 필요] 입력 커서 앞에 공백문자가 1개 이상 있는 상태,198,1
STA_X_DRAFT_MESSAGE_EXISTS,UI State,입력창에 임시저장(작성중) 텍스트가 있는 상태,[검토 필요] 입력창에 임시저장(작성중) 텍스트가 있는 상태,146,1
STA_X_EDIT_MODE_ACTIVE,UI State,말풍선 수정 모드로 입력창이 열린 상태,[검토 필요] 말풍선 수정 모드로 입력창이 열린 상태,194 195 932,3
STA_X_EMOTICON_MESSAGE_EXISTS,Data State,이모티콘 말풍선이 채팅방에 존재하는 상태,[검토 필요] 이모티콘 말풍선이 채팅방에 존재하는 상태,325 326 327 328 329 330 331 332,8
STA_X_EXPORT_DIALOG_OPEN,UI State,대화 내용 내보내기 얼럿(화면)이 노출된 상태,[검토 필요] 대화 내용 내보내기 얼럿(화면)이 노출된 상태,906 907,2
STA_X_FAVORITE_SET,Data State,채팅방/친구가 즐겨찾기로 설정된 상태,[검토 필요] 채팅방/친구가 즐겨찾기로 설정된 상태,712,1
STA_X_FILE_SHARE_OWNER,Data State,대용량 파일을 본인이 공유(업로드)한 유저인 상태,[검토 필요] 대용량 파일을 본인이 공유(업로드)한 유저인 상태,543 544 545 546 547 548 549 550 552 553 554 555 556 557 558 559 561 562 563 564 565 566 567 568 569 570,26
STA_X_FILE_SHARE_RECIPIENT,Data State,대용량 파일을 공유받은 유저인 상태,[검토 필요] 대용량 파일을 공유받은 유저인 상태,573 574 575 576 577 579 580 581 582 583 585 586 587 588,14
STA_X_FREE_CHATROOM,Data State,프리채팅방이 대상인 상태,[검토 필요] 프리채팅방이 대상인 상태,75 76,2
STA_X_GAME_HISTORY_EXISTS,Data State,미니게임 이용 히스토리가 있는 상태,[검토 필요] 미니게임 이용 히스토리가 있는 상태,388,1
STA_X_GIFT_BANNER_SHOWN,UI State,선물하기(축하) 배너가 채팅방에 노출된 상태,[검토 필요] 선물하기(축하) 배너가 채팅방에 노출된 상태,29,1
STA_X_GIFT_COMPLETED,Data State,선물하기 결제가 완료된 상태,[검토 필요] 선물하기 결제가 완료된 상태,30,1
STA_X_HAS_AT_LEAST_ONE_FRIEND,Data State,채팅방에 1명 이상의 친구가 존재하는 상태,[검토 필요] 채팅방에 1명 이상의 친구가 존재하는 상태,401,1
STA_X_IMAGE_IN_CLIPBOARD,Data State,문자가 포함된 사진이 클립보드에 복사된 상태,[검토 필요] 문자가 포함된 사진이 클립보드에 복사된 상태,164 165,2
STA_X_INVITE_DECLINED_LEFT,Data State,초대거부 후 나가기를 진행해 재입장이 불가한 유저가 존재하는 상태,[검토 필요] 초대거부 후 나가기를 진행해 재입장이 불가한 유저가 존재하는 상태,914,1
STA_X_JOINED_LOCATION_GROUPS_UNDER_10,Data State,사용자가 참여 중인 위치 그룹 수가 10개 미만인 상태,[검토 필요] 사용자가 참여 중인 위치 그룹 수가 10개 미만인 상태,367 370 373 375,4
STA_X_KAKAOMAP_ALL_PERMISSIONS_ALLOWED,Permission State,카카오맵 앱 권한이 모두 허용된 상태,[검토 필요] 카카오맵 앱 권한이 모두 허용된 상태,379 384,2
STA_X_KAKAOMAP_INSTALLED,Data State,카카오맵 앱이 설치된 상태,[검토 필요] 카카오맵 앱이 설치된 상태,379 384,2
STA_X_KAKAOMAP_LOGGED_IN,Data State,카카오맵에 로그인된 상태,[검토 필요] 카카오맵에 로그인된 상태,366 372 374 379 380 384,6
STA_X_KAKAOMAP_LOGGED_OUT,Data State,카카오맵에 로그인되지 않은 상태,[검토 필요] 카카오맵에 로그인되지 않은 상태,369,1
STA_X_KAKAOTV_BROADCAST_PLAYING,Data State,카카오TV 방송이 재생 중인 상태,[검토 필요] 카카오TV 방송이 재생 중인 상태,245 246 248 249 252 253 258 260 261,9
STA_X_KAKAOTV_MINIPLAYER_ACTIVE,UI State,카카오TV 미니플레이어가 활성화된 상태,[검토 필요] 카카오TV 미니플레이어가 활성화된 상태,246 248 249 250 252 253 258 260 261 262,10
STA_X_KAKAOTV_PLAYER_FLOATING,UI State,카카오TV 플레이어가 플로팅 모드인 상태,[검토 필요] 카카오TV 플레이어가 플로팅 모드인 상태,266 267,2
STA_X_KAKAOTV_PLAYER_FULLSCREEN,UI State,카카오TV 플레이어가 전체화면인 상태,[검토 필요] 카카오TV 플레이어가 전체화면인 상태,268 269,2
STA_X_KAKAOTV_POPUP_PLAYER_OPEN,UI State,카카오TV 전용(팝업) 플레이어가 열린 상태,[검토 필요] 카카오TV 전용(팝업) 플레이어가 열린 상태,245 265,2
STA_X_KAKAOTV_SHARED_IN_CHATROOM,Data State,카카오TV 링크가 채팅방에 공유된 상태,[검토 필요] 카카오TV 링크가 채팅방에 공유된 상태,245 264,2
STA_X_KEYBOARD_ACTIVE,UI State,키보드가 활성화(올라온) 상태,[검토 필요] 키보드가 활성화(올라온) 상태,131,1
STA_X_KEYBOARD_INACTIVE,UI State,키보드가 비활성화(내려간) 상태,[검토 필요] 키보드가 비활성화(내려간) 상태,130,1
STA_X_KEYBOARD_TOOLBAR_ON,UI State,설정 > 채팅 > 키보드 툴바가 활성화된 상태,[검토 필요] 설정 > 채팅 > 키보드 툴바가 활성화된 상태,131,1
STA_X_LADDER_GAME_STARTED,Data State,사다리 게임이 시작되어 채팅방에 공유된 상태,[검토 필요] 사다리 게임이 시작되어 채팅방에 공유된 상태,397 398 399,3
STA_X_LADDER_PARTICIPANTS_OVER_10,Data State,사다리 게임 참여 인원이 10명 이상인 상태,[검토 필요] 사다리 게임 참여 인원이 10명 이상인 상태,399,1
STA_X_LADDER_PARTICIPANTS_UNDER_10,Data State,사다리 게임 참여 인원이 10명 미만인 상태,[검토 필요] 사다리 게임 참여 인원이 10명 미만인 상태,398,1
STA_X_LADDER_SETUP_DONE,UI State,사다리 게임 세팅이 완료된 상태,[검토 필요] 사다리 게임 세팅이 완료된 상태,395,1
STA_X_LARGE_FILE_BUBBLE_EXISTS,Data State,채팅방에 대용량 파일 말풍선이 존재하는 상태,[검토 필요] 채팅방에 대용량 파일 말풍선이 존재하는 상태,543 544 545 546 547 548 549 550 552 553 554 555 556 557 558 559 561 562 563 564 565 566 567 568 569 570 573 574 575 576 577 579 580 581 582 583 585 586 587 588,40
STA_X_LEFT_MEMBER_REJOINED,Data State,채팅방을 나갔던 상대가 다시 채팅방에 재진입한 상태,[검토 필요] 채팅방을 나갔던 상대가 다시 채팅방에 재진입한 상태,63,1
STA_X_LINKIFY_EVENT_ACTIVE,Data State,링키파이 축하선물 상시운영 이벤트가 활성화된 상태,[검토 필요] 링키파이 축하선물 상시운영 이벤트가 활성화된 상태,27 28,2
STA_X_LIVE_TEXT_OFF,UI State,라이브 텍스트 기능이 꺼진 상태,[검토 필요] 라이브 텍스트 기능이 꺼진 상태,468 469 470 471,4
STA_X_LIVE_TEXT_ON,UI State,라이브 텍스트 기능이 켜진 상태,[검토 필요] 라이브 텍스트 기능이 켜진 상태,473 474,2
STA_X_LIVE_TEXT_SUPPORTED_DEVICE,Data State,라이브 텍스트 지원 단말(iOS 16 이상)인 상태,[검토 필요] 라이브 텍스트 지원 단말(iOS 16 이상)인 상태,468 469 470 471 473 474,6
STA_X_LOCATION_CONSENT_OFF,Data State,카톡 위치정보 수집 및 이용동의가 되어있지 않은(N) 상태,[검토 필요] 카톡 위치정보 수집 및 이용동의가 되어있지 않은(N) 상태,358,1
STA_X_LOCATION_GROUP_IN_CHATROOM,Data State,해당 채팅방에 연결된 위치 그룹이 존재하는 상태,[검토 필요] 해당 채팅방에 연결된 위치 그룹이 존재하는 상태,372 374 384,3
STA_X_LOCATION_MESSAGE_EXISTS,Data State,지도(위치) 말풍선이 존재하는 상태,[검토 필요] 지도(위치) 말풍선이 존재하는 상태,635,1
STA_X_LOCATION_PERMISSION_DENIED,Permission State,카톡 앱 OS 위치 접근 권한이 거부된 상태,[검토 필요] 카톡 앱 OS 위치 접근 권한이 거부된 상태,360,1
STA_X_LOCATION_SHARE_NOT_PARTICIPATING,Data State,위치공유에 참여 중이지 않은(N) 상태,[검토 필요] 위치공유에 참여 중이지 않은(N) 상태,358,1
STA_X_LOTTERY_GAME_STARTED,Data State,당첨 뽑기 게임이 시작되어 결과가 존재하는 상태,[검토 필요] 당첨 뽑기 게임이 시작되어 결과가 존재하는 상태,405 406,2
STA_X_LOTTERY_PARTICIPANTS_OVER_10,Data State,당첨 뽑기 참여 인원이 10명 이상인 상태,[검토 필요] 당첨 뽑기 참여 인원이 10명 이상인 상태,406,1
STA_X_LOTTERY_PARTICIPANTS_UNDER_10,Data State,당첨 뽑기 참여 인원이 10명 미만인 상태,[검토 필요] 당첨 뽑기 참여 인원이 10명 미만인 상태,405,1
STA_X_LOTTERY_SETUP_DONE,UI State,당첨 뽑기 당첨자 수 세팅이 완료된 상태,[검토 필요] 당첨 뽑기 당첨자 수 세팅이 완료된 상태,403,1
STA_X_MAIL_ACCOUNT_CONFIGURED,Data State,[iOS] 단말기에 메일 계정이 설정되어 있는 상태,[검토 필요] [iOS] 단말기에 메일 계정이 설정되어 있는 상태,906,1
STA_X_MAP_ACCOUNT_CHATROOM_MEMBER,Data State,카카오맵 로그인 계정이 대상 채팅방의 참여 멤버인 상태,[검토 필요] 카카오맵 로그인 계정이 대상 채팅방의 참여 멤버인 상태,366 372 374,3
STA_X_MAP_GROUP_ENTERED,Data State,카카오맵에서 위치 그룹에 입장한 상태,[검토 필요] 카카오맵에서 위치 그룹에 입장한 상태,380,1
STA_X_MEDIA_SELECTED_IN_PICKER,Data State,앨범 피커에서 사진/동영상을 선택한 상태,[검토 필요] 앨범 피커에서 사진/동영상을 선택한 상태,436 437 438 439 441,5
STA_X_MEMBERS_WITH_VARIED_NICKNAMES,Data State,채팅방에 숫자·영문·한글 닉네임의 멤버가 존재하는 상태,[검토 필요] 채팅방에 숫자·영문·한글 닉네임의 멤버가 존재하는 상태,199,1
STA_X_MEMBER_LEFT,Data State,그룹 채팅방에서 대화상대가 나가 퇴장 피드가 있는 상태,[검토 필요] 그룹 채팅방에서 대화상대가 나가 퇴장 피드가 있는 상태,60 61 63 65 67 68 69 70,8
STA_X_MENTION_COUNT_MAX,UI State,입력창에 멘션이 최대치(15개) 입력된 상태,[검토 필요] 입력창에 멘션이 최대치(15개) 입력된 상태,201 202,2
STA_X_MENTION_SUGGEST_ACTIVE,UI State,멘션 서제스트 UI가 활성화된 상태,[검토 필요] 멘션 서제스트 UI가 활성화된 상태,199,1
STA_X_MENTION_TARGET_EDITED_BY_RECEIVER,Data State,수신인이 멘션대상(C)의 닉네임을 톡에서 수정한 상태,[검토 필요] 수신인이 멘션대상(C)의 닉네임을 톡에서 수정한 상태,222 223 224 225 226 227,6
STA_X_MENTION_TARGET_EDITED_BY_SENDER,Data State,발신인이 멘션대상(C)의 닉네임을 톡에서 수정한 상태,[검토 필요] 발신인이 멘션대상(C)의 닉네임을 톡에서 수정한 상태,229 230 231 232 233 234,6
STA_X_MENTION_TARGET_FRIEND_NO_NAME_RECEIVER,Data State,수신인에게 멘션대상(C)이 친구이나 저장/수정 이름이 없는 상태,[검토 필요] 수신인에게 멘션대상(C)이 친구이나 저장/수정 이름이 없는 상태,236 237 238 239 240 241,6
STA_X_MENTION_TARGET_FRIEND_NO_NAME_SENDER,Data State,발신인에게 멘션대상(C)이 친구이나 저장/수정 이름이 없는 상태,[검토 필요] 발신인에게 멘션대상(C)이 친구이나 저장/수정 이름이 없는 상태,242,1
STA_X_MENTION_TARGET_NOT_FRIEND_RECEIVER,Data State,수신인에게 멘션대상(C)이 친구가 아닌 상태,[검토 필요] 수신인에게 멘션대상(C)이 친구가 아닌 상태,242,1
STA_X_MENTION_TARGET_NOT_FRIEND_SENDER,Data State,발신인에게 멘션대상(C)이 친구가 아닌 상태,[검토 필요] 발신인에게 멘션대상(C)이 친구가 아닌 상태,236 237 238 239 240 241,6
STA_X_MENTION_TARGET_SAVED_BY_RECEIVER,Data State,수신인이 멘션대상(C)의 이름을 연락처에 저장한 상태,[검토 필요] 수신인이 멘션대상(C)의 이름을 연락처에 저장한 상태,229 230 231 232 233 234,6
STA_X_MENTION_TARGET_SAVED_BY_SENDER,Data State,발신인이 멘션대상(C)의 이름을 연락처에 저장한 상태,[검토 필요] 발신인이 멘션대상(C)의 이름을 연락처에 저장한 상태,222 223 224 225 226 227,6
STA_X_MESSAGE_EXISTS,Data State,채팅방에 말풍선(메시지)이 하나 이상 존재하는 상태,[검토 필요] 채팅방에 말풍선(메시지)이 하나 이상 존재하는 상태,639,1
STA_X_MESSAGE_WITHIN_7DAYS,Data State,7일 이내 수발신된 말풍선이 존재하는 상태,[검토 필요] 7일 이내 수발신된 말풍선이 존재하는 상태,33,1
STA_X_MINIGAME_LIST_OPEN,UI State,미니게임 목록 바텀시트 웹뷰가 열린 상태,[검토 필요] 미니게임 목록 바텀시트 웹뷰가 열린 상태,389 393 401 407,4
STA_X_MUSIC_MESSAGE_EXISTS,Data State,뮤직(곡/앨범/플레이리스트) 말풍선이 존재하는 상태,[검토 필요] 뮤직(곡/앨범/플레이리스트) 말풍선이 존재하는 상태,606 607 608 609 611 612 613 615 616 617 619 620 621 623,14
STA_X_MUSIC_MODAL_ENTERED,UI State,뮤직 모달뷰(웹뷰)에 진입한 상태,[검토 필요] 뮤직 모달뷰(웹뷰)에 진입한 상태,600 601 602 603,4
STA_X_NOTICE_EXISTS,Data State,채팅방에 등록된 공지가 있는 상태,[검토 필요] 채팅방에 등록된 공지가 있는 상태,50 51 52,3
STA_X_NO_BOOKMARK,Data State,채팅방에 설정된 책갈피가 없는 상태,[검토 필요] 채팅방에 설정된 책갈피가 없는 상태,182,1
STA_X_NO_GAME_HISTORY,Data State,미니게임 이용 히스토리가 없는 상태,[검토 필요] 미니게임 이용 히스토리가 없는 상태,387,1
STA_X_NO_LOCATION_GROUP_IN_CHATROOM,Data State,해당 채팅방에 연결된 위치 그룹이 없는 상태,[검토 필요] 해당 채팅방에 연결된 위치 그룹이 없는 상태,366 369 379,3
STA_X_NO_MESSAGE_CHATROOM,Data State,말풍선이 하나도 없는(빈) 채팅방 상태,[검토 필요] 말풍선이 하나도 없는(빈) 채팅방 상태,638,1
STA_X_NO_RECENT_TAG,Data State,최근에 추가한 태그가 없는 상태,[검토 필요] 최근에 추가한 태그가 없는 상태,940,1
STA_X_NO_UPCOMING_SCHEDULE,Data State,다가올 일정이 없는 상태,[검토 필요] 다가올 일정이 없는 상태,725,1
STA_X_OPEN_ONE_ON_ONE_CHATROOM,Data State,오픈채팅 1:1 채팅방이 대상인 상태,[검토 필요] 오픈채팅 1:1 채팅방이 대상인 상태,211,1
STA_X_OVERSEAS_USER,Data State,해외 사용자 계정 상태,[검토 필요] 해외 사용자 계정 상태,91 92 93 412 414 415 416 417,8
STA_X_PARTICIPANTS_EXIST,Data State,채팅방에 인물필터 대상 참여 유저가 존재하는 상태,[검토 필요] 채팅방에 인물필터 대상 참여 유저가 존재하는 상태,106 107,2
STA_X_PERSON_FILTER_APPLIED,UI State,인물필터(유저 필터링)가 설정되어 있는 상태,[검토 필요] 인물필터(유저 필터링)가 설정되어 있는 상태,108,1
STA_X_PHOTO_EDITED,Data State,사진에 편집이 적용된 상태,[검토 필요] 사진에 편집이 적용된 상태,438,1
STA_X_PHYSICAL_HOME_BUTTON_DEVICE,Data State,물리(H/W) 홈버튼이 있는 단말인 상태,[검토 필요] 물리(H/W) 홈버튼이 있는 단말인 상태,261,1
STA_X_PLUS_MENU_CONTACT_OPENED,UI State,플러스메뉴 > 연락처 액션시트가 열린 상태,[검토 필요] 플러스메뉴 > 연락처 액션시트가 열린 상태,660 664,2
STA_X_POLL_POST_EXISTS,Data State,투표 게시글이 존재하는 상태,[검토 필요] 투표 게시글이 존재하는 상태,814,1
STA_X_POST_EXISTS,Data State,게시글이 존재하는 상태,[검토 필요] 게시글이 존재하는 상태,812,1
STA_X_PROFILE_MESSAGE_EXISTS,Data State,카카오톡 프로필 말풍선이 존재하는 상태,[검토 필요] 카카오톡 프로필 말풍선이 존재하는 상태,661 662,2
STA_X_PROFILE_PHOTO_SET,Data State,채팅방(프로필) 사진이 등록되어 있는 상태,[검토 필요] 채팅방(프로필) 사진이 등록되어 있는 상태,883,1
STA_X_QUALITY_HIGH,UI State,미디어 화질이 고화질로 설정된 상태,[검토 필요] 미디어 화질이 고화질로 설정된 상태,463 464,2
STA_X_QUALITY_ORIGINAL,UI State,미디어 화질이 원본으로 설정된 상태,[검토 필요] 미디어 화질이 원본으로 설정된 상태,458 459 460 461,4
STA_X_QUICK_RECORD_ENABLED,UI State,간편녹음 사용 설정이 켜진 상태,[검토 필요] 간편녹음 사용 설정이 켜진 상태,412,1
STA_X_QUICK_RECORD_ON,UI State,간편녹음 기능이 켜진(ON) 상태,[검토 필요] 간편녹음 기능이 켜진(ON) 상태,648 649 650 651 652,5
STA_X_QUIZ_ENDED_ANSWER_REVEAL_OFF,Data State,종료 후 정답 공개가 off로 설정된 퀴즈 게시글인 상태,[검토 필요] 종료 후 정답 공개가 off로 설정된 퀴즈 게시글인 상태,815,1
STA_X_QUIZ_POST_EXISTS,Data State,퀴즈 게시글이 존재하는 상태,[검토 필요] 퀴즈 게시글이 존재하는 상태,815,1
STA_X_REACTION_EXISTS,Data State,말풍선에 리액션 데이터가 존재하는 상태,[검토 필요] 말풍선에 리액션 데이터가 존재하는 상태,36 37,2
STA_X_REACTION_RESTORE_FAILED,Data State,말풍선 복원 후 리액션 아이템 복원에 실패한 상태,[검토 필요] 말풍선 복원 후 리액션 아이템 복원에 실패한 상태,39,1
STA_X_RECENT_SENT_FILES_EXIST,Data State,최근에 보낸 파일 목록이 존재하는 상태,[검토 필요] 최근에 보낸 파일 목록이 존재하는 상태,673 674 675 676 677,5
STA_X_RECENT_TAG_EXISTS,Data State,최근에 추가한 태그가 있는 상태,[검토 필요] 최근에 추가한 태그가 있는 상태,941,1
STA_X_REDUCE_MOTION_OFF,UI State,단말 손쉬운 사용의 동작 줄이기 및 크로스페이드가 OFF인 상태,[검토 필요] 단말 손쉬운 사용의 동작 줄이기 및 크로스페이드가 OFF인 상태,148,1
STA_X_REPLY_BUBBLE_EXISTS,Data State,원본을 인용한 답장 말풍선이 채팅방에 존재하는 상태,[검토 필요] 원본을 인용한 답장 말풍선이 채팅방에 존재하는 상태,171,1
STA_X_REPLY_MODE_ACTIVE,UI State,답장 입력창(답장 모드)이 활성화된 상태,[검토 필요] 답장 입력창(답장 모드)이 활성화된 상태,202,1
STA_X_REPLY_NOTIFICATION_ON,UI State,설정의 답장 메시지 알림이 켜진 상태,[검토 필요] 설정의 답장 메시지 알림이 켜진 상태,172,1
STA_X_SANDBOX_ENV,Data State,샌드박스 환경에서 테스트하는 상태,[검토 필요] 샌드박스 환경에서 테스트하는 상태,56,1
STA_X_SCHEDULE_MESSAGE_EXISTS,Data State,일정 등록 완료 말풍선이 존재하는 상태,[검토 필요] 일정 등록 완료 말풍선이 존재하는 상태,630 631,2
STA_X_SCRAP_URL_IN_INPUT,UI State,입력창에 스크랩 URL이 입력된 상태,[검토 필요] 입력창에 스크랩 URL이 입력된 상태,147,1
STA_X_SEARCH_KEYWORD_EMPTY,UI State,검색어를 입력하지 않은(빈) 상태,[검토 필요] 검색어를 입력하지 않은(빈) 상태,96 97 99 109,4
STA_X_SEARCH_KEYWORD_ENTERED,UI State,검색어를 입력한 상태,[검토 필요] 검색어를 입력한 상태,110 111 112,3
STA_X_SEARCH_RESULTS_MULTIPLE,Data State,검색어에 대한 검색 결과가 여러 개 존재하는 상태,[검토 필요] 검색어에 대한 검색 결과가 여러 개 존재하는 상태,100 104,2
STA_X_SEARCH_RESULTS_NONE,Data State,검색어에 대한 검색 결과가 없는 상태,[검토 필요] 검색어에 대한 검색 결과가 없는 상태,101,1
STA_X_SEARCH_RESULT_AT_BOUNDARY,Data State,이전/다음 검색 결과가 없는 처음 또는 마지막 결과 위치 상태,[검토 필요] 이전/다음 검색 결과가 없는 처음 또는 마지막 결과 위치 상태,112,1
STA_X_SEARCH_SCREEN_ENTERED,UI State,대화내용 검색 화면에 진입한 상태,[검토 필요] 대화내용 검색 화면에 진입한 상태,99 100 101 102 103 104 106 107 108 109 110 111 112 945 946 947,16
STA_X_SECRET_GROUP_CHATROOM,Data State,비밀 단체채팅방이 대상인 상태,[검토 필요] 비밀 단체채팅방이 대상인 상태,205,1
STA_X_SECRET_ONE_ON_ONE_CHATROOM,Data State,비밀 1:1 채팅방이 대상인 상태,[검토 필요] 비밀 1:1 채팅방이 대상인 상태,210,1
STA_X_SELECTED_GROUP_MEMBERS_UNDER_30,Data State,선택한 그룹의 참여 인원이 30명 미만인 상태,[검토 필요] 선택한 그룹의 참여 인원이 30명 미만인 상태,367 370 373 375,4
STA_X_SELECTED_TAG_NOT_IN_RECENT,Data State,선택하려는 태그가 최근 사용 목록에 없는 상태,[검토 필요] 선택하려는 태그가 최근 사용 목록에 없는 상태,944,1
STA_X_SENDABLE_ITEMS_EXIST,Data State,전송 가능한 항목(사진/동영상/파일/링크 등)이 존재하는 상태,[검토 필요] 전송 가능한 항목(사진/동영상/파일/링크 등)이 존재하는 상태,530 531 532 533 534 535 537 538 539,9
STA_X_SENT_OVER_24H,Data State,메시지 발송 후 24시간이 경과한 상태,[검토 필요] 메시지 발송 후 24시간이 경과한 상태,694 929,2
STA_X_SHARE_CONTENT_SELECTED,Data State,외부 앱에서 공유할 콘텐츠(사진 등)를 선택한 상태,[검토 필요] 외부 앱에서 공유할 콘텐츠(사진 등)를 선택한 상태,162,1
STA_X_SHARE_PICKER_OPEN,UI State,공유 피커(공유 대상 선택 레이어)가 열린 상태,[검토 필요] 공유 피커(공유 대상 선택 레이어)가 열린 상태,175 176 177 178,4
STA_X_SHOPPING_POINT_READY,Data State,결제용 쇼핑포인트가 세팅된 상태,[검토 필요] 결제용 쇼핑포인트가 세팅된 상태,30,1
STA_X_SHOP_SEARCH_HISTORY_EMPTY,Data State,이전 샵 검색 기록(결과)이 없는 상태,[검토 필요] 이전 샵 검색 기록(결과)이 없는 상태,338,1
STA_X_SHOP_SEARCH_HISTORY_EXISTS,Data State,이전 샵 검색 기록(결과)이 있는 상태(시계 아이콘),[검토 필요] 이전 샵 검색 기록(결과)이 있는 상태(시계 아이콘),339,1
STA_X_SHOP_SEARCH_MODE,UI State,샵(#) 검색 모드에 진입한 상태,[검토 필요] 샵(#) 검색 모드에 진입한 상태,343,1
STA_X_SIMPLE_KEYWORD_MESSAGE_EXISTS,Data State,간편키워드가 적용된 말풍선이 존재하는 상태,[검토 필요] 간편키워드가 적용된 말풍선이 존재하는 상태,310,1
STA_X_TAGS_EQUAL_FILTER_COUNT,Data State,필터링된(걸린) 태그 수가 동일한 태그가 존재하는 상태,[검토 필요] 필터링된(걸린) 태그 수가 동일한 태그가 존재하는 상태,945,1
STA_X_TAG_FILTER_OFF,UI State,태그 필터가 해제(OFF)된 상태,[검토 필요] 태그 필터가 해제(OFF)된 상태,946,1
STA_X_TAG_FILTER_ON,UI State,태그 필터가 ON된 상태,[검토 필요] 태그 필터가 ON된 상태,947,1
STA_X_TAG_IN_SHORTCUT,Data State,말풍선에 추가된 태그가 최근 태그 목록(숏컷)에 있는 상태,[검토 필요] 말풍선에 추가된 태그가 최근 태그 목록(숏컷)에 있는 상태,943,1
STA_X_TALKCLOUD_PAID_USER,Data State,톡클라우드 유료(구독) 사용자 상태,[검토 필요] 톡클라우드 유료(구독) 사용자 상태,908,1
STA_X_TALKCLOUD_SEND_SCREEN,UI State,톡클라우드 파일 전송하기 화면에 진입한 상태,[검토 필요] 톡클라우드 파일 전송하기 화면에 진입한 상태,528 530 531 532 533 534 535 537 538 539,10
STA_X_TALK_LOCATION_CONSENT_ON,Data State,톡 위치 정보 이용 동의가 완료된 상태,[검토 필요] 톡 위치 정보 이용 동의가 완료된 상태,360 362,2
STA_X_TALK_MAP_ACCOUNT_MATCH,Data State,카카오톡과 카카오맵 로그인 계정이 동일한 상태,[검토 필요] 카카오톡과 카카오맵 로그인 계정이 동일한 상태,369 372,2
STA_X_TALK_MAP_ACCOUNT_MISMATCH,Data State,카카오톡과 카카오맵 로그인 계정이 서로 다른 상태,[검토 필요] 카카오톡과 카카오맵 로그인 계정이 서로 다른 상태,366 374,2
STA_X_TEN_OR_MORE_FRIENDS,Data State,친구가 10명 이상 존재하는 상태,[검토 필요] 친구가 10명 이상 존재하는 상태,402,1
STA_X_THEME_APPLIED,UI State,테마가 적용된 상태,[검토 필요] 테마가 적용된 상태,890,1
STA_X_TOOLBAR_ON,UI State,채팅방 입력창 툴바가 켜진(ON) 상태,[검토 필요] 채팅방 입력창 툴바가 켜진(ON) 상태,337,1
STA_X_TOTAL_TAG_LIMIT_REACHED,Data State,전체 태그 수가 최대 한도에 도달한 상태,[검토 필요] 전체 태그 수가 최대 한도에 도달한 상태,937,1
STA_X_TRIGGER_BUBBLE_EXISTS,Data State,채팅방에 트리거 말풍선이 누적되어 존재하는 상태,[검토 필요] 채팅방에 트리거 말풍선이 누적되어 존재하는 상태,28,1
STA_X_TYPING_INDICATOR_SETTING_OFF,UI State,설정 > 채팅 > 메시지 입력 중 상태보기가 OFF인 상태,[검토 필요] 설정 > 채팅 > 메시지 입력 중 상태보기가 OFF인 상태,120,1
STA_X_TYPING_INDICATOR_SETTING_ON,UI State,설정 > 채팅 > 메시지 입력 중 상태보기가 ON인 상태,[검토 필요] 설정 > 채팅 > 메시지 입력 중 상태보기가 ON인 상태,119,1
STA_X_UNREAD_OVER_11,Data State,안읽은 메시지가 11개 이상 쌓인 상태,[검토 필요] 안읽은 메시지가 11개 이상 쌓인 상태,55,1
STA_X_UPCOMING_SCHEDULE_EXISTS,Data State,다가올 일정이 존재하는 상태,[검토 필요] 다가올 일정이 존재하는 상태,727 728,2
STA_X_VOICE_MESSAGE_EXISTS,Data State,음성메시지 말풍선이 존재하는 상태,[검토 필요] 음성메시지 말풍선이 존재하는 상태,655,1
STA_X_VOICE_MESSAGE_RECEIVED,Data State,음성메시지를 수신한 상태(음성 말풍선 존재),[검토 필요] 음성메시지를 수신한 상태(음성 말풍선 존재),285 292 298 306,4
STA_X_WHEEL_GAME_PARTICIPANT,Data State,돌림판 게임의 참여자인 상태,[검토 필요] 돌림판 게임의 참여자인 상태,391,1
STA_X_WHEEL_GAME_STARTED,Data State,돌림판 게임이 시작되어 채팅방에 공유된 상태,[검토 필요] 돌림판 게임이 시작되어 채팅방에 공유된 상태,391,1
STA_X_WHEEL_SETUP_DONE,UI State,돌림판 항목 세팅이 완료된 상태,[검토 필요] 돌림판 항목 세팅이 완료된 상태,390,1
