service_name,attribute_name,tc_count,ratio
1.가입,ui_visibility,151,0.5101
1.가입,data_change,4,0.0135
1.가입,function_behavior,54,0.1824
1.가입,permission_auth,176,0.5946
1.가입,exception_error,96,0.3243
1.가입,network_server,16,0.0541
1.가입,notification,71,0.2399
1.가입,multi_device_os,33,0.1115
1.가입,state_persistence,17,0.0574
1.가입,content_media,18,0.0608
1.가입,has_precondition,185,0.625
1.가입,automation_candidate,157,0.5304
1.가입,manual_required,10,0.0338
1.가입,compound:UI노출확인+권한인증확인+예외에러확인+알림푸시확인,21,0.0709
1.가입,compound:권한인증확인+예외에러확인,20,0.0676
1.가입,compound:UI노출확인+기능동작확인+권한인증확인,16,0.0541
1.가입,compound:UI노출확인+권한인증확인,13,0.0439
1.가입,compound:기능동작확인+권한인증확인,12,0.0405
1.가입,compound:권한인증확인+예외에러확인+알림푸시확인,8,0.027
1.가입,compound:UI노출확인+콘텐츠미디어확인,7,0.0236
1.가입,compound:권한인증확인+알림푸시확인,6,0.0203
1.가입,compound:UI노출확인+권한인증확인+예외에러확인+알림푸시확인+설정상태유지,6,0.0203
1.가입,compound:UI노출확인+멀티디바이스OS,5,0.0169
1.가입,compound:UI노출확인+권한인증확인+예외에러확인+알림푸시확인+멀티디바이스OS,5,0.0169
1.가입,compound:UI노출확인+예외에러확인+알림푸시확인+멀티디바이스OS,4,0.0135
1.가입,compound:기능동작확인+권한인증확인+예외에러확인+알림푸시확인,3,0.0101
1.가입,compound:데이터변경확인+권한인증확인,3,0.0101
1.가입,compound:권한인증확인+예외에러확인+멀티디바이스OS,3,0.0101
1.가입,compound:기능동작확인+권한인증확인+설정상태유지,3,0.0101
1.가입,compound:UI노출확인+권한인증확인+네트워크서버연동,3,0.0101
1.가입,compound:UI노출확인+기능동작확인+예외에러확인+알림푸시확인,3,0.0101
1.가입,compound:UI노출확인+기능동작확인+권한인증확인+예외에러확인+멀티디바이스OS,3,0.0101
1.가입,compound:UI노출확인+기능동작확인+권한인증확인+예외에러확인+알림푸시확인,2,0.0068
1.가입,compound:UI노출확인+예외에러확인+알림푸시확인,2,0.0068
1.가입,compound:UI노출확인+기능동작확인+권한인증확인+멀티디바이스OS,2,0.0068
1.가입,compound:권한인증확인+네트워크서버연동,2,0.0068
1.가입,compound:UI노출확인+권한인증확인+예외에러확인+네트워크서버연동+알림푸시확인+멀티디바이스OS+콘텐츠미디어확인,2,0.0068
1.가입,compound:UI노출확인+기능동작확인,2,0.0068
1.가입,compound:UI노출확인+기능동작확인+예외에러확인+네트워크서버연동+알림푸시확인+멀티디바이스OS+콘텐츠미디어확인,2,0.0068
1.가입,compound:UI노출확인+멀티디바이스OS+콘텐츠미디어확인,2,0.0068
1.가입,compound:권한인증확인+알림푸시확인+멀티디바이스OS,1,0.0034
1.가입,compound:권한인증확인+예외에러확인+설정상태유지,1,0.0034
1.가입,compound:UI노출확인+권한인증확인+알림푸시확인,1,0.0034
1.가입,compound:UI노출확인+예외에러확인,1,0.0034
1.가입,compound:UI노출확인+예외에러확인+네트워크서버연동+알림푸시확인+멀티디바이스OS+콘텐츠미디어확인,1,0.0034
1.가입,compound:알림푸시확인+멀티디바이스OS,1,0.0034
1.가입,compound:데이터변경확인+네트워크서버연동,1,0.0034
1.가입,compound:UI노출확인+네트워크서버연동+콘텐츠미디어확인,1,0.0034
1.가입,compound:UI노출확인+알림푸시확인+멀티디바이스OS+콘텐츠미디어확인,1,0.0034
1.가입,compound:UI노출확인+권한인증확인+알림푸시확인+설정상태유지,1,0.0034
1.가입,compound:UI노출확인+기능동작확인+권한인증확인+예외에러확인+설정상태유지,1,0.0034
1.가입,compound:UI노출확인+기능동작확인+권한인증확인+예외에러확인,1,0.0034
1.가입,compound:기능동작확인+권한인증확인+멀티디바이스OS+설정상태유지,1,0.0034
1.가입,compound:UI노출확인+권한인증확인+예외에러확인+설정상태유지,1,0.0034
2.친구,ui_visibility,55,0.4911
2.친구,data_change,23,0.2054
2.친구,function_behavior,11,0.0982
2.친구,permission_auth,9,0.0804
2.친구,exception_error,30,0.2679
2.친구,network_server,14,0.125
2.친구,notification,15,0.1339
2.친구,multi_device_os,7,0.0625
2.친구,state_persistence,16,0.1429
2.친구,content_media,17,0.1518
2.친구,has_precondition,15,0.1339
2.친구,automation_candidate,0,0.0
2.친구,manual_required,3,0.0268
2.친구,compound:UI노출확인+설정상태유지,8,0.0714
2.친구,compound:UI노출확인+콘텐츠미디어확인,6,0.0536
2.친구,compound:UI노출확인+네트워크서버연동,5,0.0446
2.친구,compound:데이터변경확인+권한인증확인,4,0.0357
2.친구,compound:UI노출확인+기능동작확인+콘텐츠미디어확인,4,0.0357
2.친구,compound:예외에러확인+알림푸시확인,3,0.0268
2.친구,compound:UI노출확인+데이터변경확인,2,0.0179
2.친구,compound:데이터변경확인+멀티디바이스OS,2,0.0179
2.친구,compound:UI노출확인+예외에러확인+알림푸시확인,2,0.0179
2.친구,compound:데이터변경확인+권한인증확인+예외에러확인+알림푸시확인+콘텐츠미디어확인,1,0.0089
2.친구,compound:데이터변경확인+예외에러확인+멀티디바이스OS,1,0.0089
2.친구,compound:데이터변경확인+알림푸시확인,1,0.0089
2.친구,compound:알림푸시확인+콘텐츠미디어확인,1,0.0089
2.친구,compound:알림푸시확인+설정상태유지,1,0.0089
2.친구,compound:네트워크서버연동+알림푸시확인,1,0.0089
2.친구,compound:예외에러확인+콘텐츠미디어확인,1,0.0089
2.친구,compound:UI노출확인+데이터변경확인+알림푸시확인,1,0.0089
2.친구,compound:UI노출확인+예외에러확인,1,0.0089
2.친구,compound:UI노출확인+네트워크서버연동+알림푸시확인,1,0.0089
2.친구,compound:기능동작확인+예외에러확인,1,0.0089
2.친구,compound:데이터변경확인+예외에러확인+설정상태유지,1,0.0089
2.친구,compound:멀티디바이스OS+설정상태유지,1,0.0089
2.친구,compound:UI노출확인+권한인증확인+예외에러확인+네트워크서버연동,1,0.0089
2.친구,compound:UI노출확인+권한인증확인+네트워크서버연동,1,0.0089
2.친구,compound:데이터변경확인+권한인증확인+예외에러확인+네트워크서버연동,1,0.0089
2.친구,compound:데이터변경확인+권한인증확인+네트워크서버연동,1,0.0089
2.친구,compound:예외에러확인+멀티디바이스OS+설정상태유지,1,0.0089
2.친구,compound:UI노출확인+데이터변경확인+예외에러확인+알림푸시확인+설정상태유지,1,0.0089
2.친구,compound:UI노출확인+데이터변경확인+예외에러확인+알림푸시확인,1,0.0089
2.친구,compound:데이터변경확인+예외에러확인+네트워크서버연동,1,0.0089
2.친구,compound:UI노출확인+네트워크서버연동+콘텐츠미디어확인,1,0.0089
2.친구,compound:UI노출확인+예외에러확인+네트워크서버연동+콘텐츠미디어확인,1,0.0089
2.친구,compound:UI노출확인+데이터변경확인+기능동작확인,1,0.0089
2.친구,compound:UI노출확인+멀티디바이스OS+설정상태유지,1,0.0089
2.친구,compound:UI노출확인+멀티디바이스OS,1,0.0089
2.친구,compound:기능동작확인+예외에러확인+콘텐츠미디어확인,1,0.0089
2.친구,compound:기능동작확인+콘텐츠미디어확인,1,0.0089
2.친구,compound:UI노출확인+기능동작확인,1,0.0089
2.친구,compound:UI노출확인+알림푸시확인,1,0.0089
3.프로필,ui_visibility,16,0.1404
3.프로필,data_change,1,0.0088
3.프로필,function_behavior,8,0.0702
3.프로필,permission_auth,19,0.1667
3.프로필,exception_error,14,0.1228
3.프로필,network_server,0,0.0
3.프로필,notification,13,0.114
3.프로필,multi_device_os,6,0.0526
3.프로필,state_persistence,6,0.0526
3.프로필,content_media,52,0.4561
3.프로필,has_precondition,26,0.2281
3.프로필,automation_candidate,1,0.0088
3.프로필,manual_required,0,0.0
3.프로필,compound:권한인증확인+예외에러확인+콘텐츠미디어확인,5,0.0439
3.프로필,compound:권한인증확인+알림푸시확인,5,0.0439
3.프로필,compound:설정상태유지+콘텐츠미디어확인,4,0.0351
3.프로필,compound:멀티디바이스OS+콘텐츠미디어확인,3,0.0263
3.프로필,compound:UI노출확인+콘텐츠미디어확인,3,0.0263
3.프로필,compound:기능동작확인+콘텐츠미디어확인,3,0.0263
3.프로필,compound:예외에러확인+콘텐츠미디어확인,3,0.0263
3.프로필,compound:UI노출확인+기능동작확인+알림푸시확인+콘텐츠미디어확인,3,0.0263
3.프로필,compound:UI노출확인+알림푸시확인+콘텐츠미디어확인,2,0.0175
3.프로필,compound:UI노출확인+권한인증확인,2,0.0175
3.프로필,compound:알림푸시확인+멀티디바이스OS+콘텐츠미디어확인,1,0.0088
3.프로필,compound:권한인증확인+멀티디바이스OS,1,0.0088
3.프로필,compound:권한인증확인+예외에러확인,1,0.0088
3.프로필,compound:UI노출확인+권한인증확인+예외에러확인,1,0.0088
3.프로필,compound:데이터변경확인+기능동작확인+콘텐츠미디어확인,1,0.0088
4.채팅목록,ui_visibility,42,0.6562
4.채팅목록,data_change,9,0.1406
4.채팅목록,function_behavior,9,0.1406
4.채팅목록,permission_auth,1,0.0156
4.채팅목록,exception_error,5,0.0781
4.채팅목록,network_server,1,0.0156
4.채팅목록,notification,26,0.4062
4.채팅목록,multi_device_os,14,0.2188
4.채팅목록,state_persistence,3,0.0469
4.채팅목록,content_media,12,0.1875
4.채팅목록,has_precondition,32,0.5
4.채팅목록,automation_candidate,0,0.0
4.채팅목록,manual_required,0,0.0
4.채팅목록,compound:UI노출확인+알림푸시확인,5,0.0781
4.채팅목록,compound:UI노출확인+알림푸시확인+콘텐츠미디어확인,3,0.0469
4.채팅목록,compound:UI노출확인+기능동작확인,3,0.0469
4.채팅목록,compound:알림푸시확인+멀티디바이스OS,3,0.0469
4.채팅목록,compound:UI노출확인+기능동작확인+알림푸시확인,3,0.0469
4.채팅목록,compound:예외에러확인+콘텐츠미디어확인,2,0.0312
4.채팅목록,compound:UI노출확인+데이터변경확인,2,0.0312
4.채팅목록,compound:알림푸시확인+콘텐츠미디어확인,2,0.0312
4.채팅목록,compound:UI노출확인+알림푸시확인+멀티디바이스OS,2,0.0312
4.채팅목록,compound:UI노출확인+멀티디바이스OS,2,0.0312
4.채팅목록,compound:UI노출확인+데이터변경확인+멀티디바이스OS+콘텐츠미디어확인,1,0.0156
4.채팅목록,compound:UI노출확인+데이터변경확인+권한인증확인+알림푸시확인,1,0.0156
4.채팅목록,compound:UI노출확인+기능동작확인+알림푸시확인+멀티디바이스OS+콘텐츠미디어확인,1,0.0156
4.채팅목록,compound:UI노출확인+알림푸시확인+멀티디바이스OS+설정상태유지,1,0.0156
4.채팅목록,compound:UI노출확인+데이터변경확인+네트워크서버연동+멀티디바이스OS,1,0.0156
4.채팅목록,compound:UI노출확인+기능동작확인+예외에러확인+콘텐츠미디어확인,1,0.0156
4.채팅목록,compound:UI노출확인+설정상태유지,1,0.0156
4.채팅목록,compound:데이터변경확인+알림푸시확인+멀티디바이스OS,1,0.0156
4.채팅목록,compound:데이터변경확인+멀티디바이스OS,1,0.0156
4.채팅목록,compound:UI노출확인+데이터변경확인+설정상태유지,1,0.0156
4.채팅목록,compound:UI노출확인+데이터변경확인+예외에러확인+알림푸시확인,1,0.0156
5.일반채팅,ui_visibility,271,0.4562
5.일반채팅,data_change,68,0.1145
5.일반채팅,function_behavior,115,0.1936
5.일반채팅,permission_auth,24,0.0404
5.일반채팅,exception_error,75,0.1263
5.일반채팅,network_server,23,0.0387
5.일반채팅,notification,78,0.1313
5.일반채팅,multi_device_os,99,0.1667
5.일반채팅,state_persistence,37,0.0623
5.일반채팅,content_media,273,0.4596
5.일반채팅,has_precondition,277,0.4663
5.일반채팅,automation_candidate,75,0.1263
5.일반채팅,manual_required,22,0.037
5.일반채팅,compound:UI노출확인+콘텐츠미디어확인,41,0.069
5.일반채팅,compound:UI노출확인+기능동작확인+콘텐츠미디어확인,23,0.0387
5.일반채팅,compound:기능동작확인+콘텐츠미디어확인,19,0.032
5.일반채팅,compound:UI노출확인+멀티디바이스OS+콘텐츠미디어확인,14,0.0236
5.일반채팅,compound:멀티디바이스OS+콘텐츠미디어확인,14,0.0236
5.일반채팅,compound:UI노출확인+기능동작확인,12,0.0202
5.일반채팅,compound:UI노출확인+예외에러확인,12,0.0202
5.일반채팅,compound:알림푸시확인+콘텐츠미디어확인,11,0.0185
5.일반채팅,compound:예외에러확인+콘텐츠미디어확인,9,0.0152
5.일반채팅,compound:UI노출확인+예외에러확인+콘텐츠미디어확인,9,0.0152
5.일반채팅,compound:UI노출확인+데이터변경확인,9,0.0152
5.일반채팅,compound:UI노출확인+알림푸시확인+콘텐츠미디어확인,8,0.0135
5.일반채팅,compound:UI노출확인+알림푸시확인,7,0.0118
5.일반채팅,compound:데이터변경확인+콘텐츠미디어확인,6,0.0101
5.일반채팅,compound:UI노출확인+설정상태유지+콘텐츠미디어확인,6,0.0101
5.일반채팅,compound:UI노출확인+권한인증확인+알림푸시확인+콘텐츠미디어확인,5,0.0084
5.일반채팅,compound:UI노출확인+네트워크서버연동+멀티디바이스OS+설정상태유지+콘텐츠미디어확인,5,0.0084
5.일반채팅,compound:데이터변경확인+멀티디바이스OS+콘텐츠미디어확인,4,0.0067
5.일반채팅,compound:데이터변경확인+기능동작확인+콘텐츠미디어확인,4,0.0067
5.일반채팅,compound:예외에러확인+알림푸시확인+멀티디바이스OS+콘텐츠미디어확인,4,0.0067
5.일반채팅,compound:UI노출확인+기능동작확인+네트워크서버연동,4,0.0067
5.일반채팅,compound:UI노출확인+멀티디바이스OS,3,0.0051
5.일반채팅,compound:UI노출확인+예외에러확인+멀티디바이스OS+콘텐츠미디어확인,3,0.0051
5.일반채팅,compound:데이터변경확인+예외에러확인,3,0.0051
5.일반채팅,compound:UI노출확인+알림푸시확인+멀티디바이스OS+콘텐츠미디어확인,3,0.0051
5.일반채팅,compound:알림푸시확인+멀티디바이스OS+콘텐츠미디어확인,3,0.0051
5.일반채팅,compound:데이터변경확인+권한인증확인+콘텐츠미디어확인,3,0.0051
5.일반채팅,compound:데이터변경확인+기능동작확인,3,0.0051
5.일반채팅,compound:UI노출확인+설정상태유지,3,0.0051
5.일반채팅,compound:기능동작확인+알림푸시확인,2,0.0034
5.일반채팅,compound:UI노출확인+기능동작확인+멀티디바이스OS+콘텐츠미디어확인,2,0.0034
5.일반채팅,compound:알림푸시확인+멀티디바이스OS,2,0.0034
5.일반채팅,compound:예외에러확인+멀티디바이스OS+설정상태유지,2,0.0034
5.일반채팅,compound:설정상태유지+콘텐츠미디어확인,2,0.0034
5.일반채팅,compound:예외에러확인+멀티디바이스OS+콘텐츠미디어확인,2,0.0034
5.일반채팅,compound:UI노출확인+데이터변경확인+예외에러확인,2,0.0034
5.일반채팅,compound:기능동작확인+멀티디바이스OS+콘텐츠미디어확인,2,0.0034
5.일반채팅,compound:알림푸시확인+설정상태유지,2,0.0034
5.일반채팅,compound:UI노출확인+데이터변경확인+권한인증확인+콘텐츠미디어확인,2,0.0034
5.일반채팅,compound:데이터변경확인+알림푸시확인+멀티디바이스OS,2,0.0034
5.일반채팅,compound:UI노출확인+데이터변경확인+알림푸시확인+멀티디바이스OS,2,0.0034
5.일반채팅,compound:UI노출확인+데이터변경확인+기능동작확인,2,0.0034
5.일반채팅,compound:UI노출확인+예외에러확인+알림푸시확인,2,0.0034
5.일반채팅,compound:UI노출확인+예외에러확인+네트워크서버연동,1,0.0017
5.일반채팅,compound:UI노출확인+기능동작확인+네트워크서버연동+멀티디바이스OS,1,0.0017
5.일반채팅,compound:UI노출확인+데이터변경확인+멀티디바이스OS,1,0.0017
5.일반채팅,compound:권한인증확인+예외에러확인,1,0.0017
5.일반채팅,compound:UI노출확인+데이터변경확인+네트워크서버연동,1,0.0017
5.일반채팅,compound:UI노출확인+데이터변경확인+예외에러확인+멀티디바이스OS,1,0.0017
5.일반채팅,compound:UI노출확인+데이터변경확인+기능동작확인+권한인증확인+예외에러확인,1,0.0017
5.일반채팅,compound:UI노출확인+기능동작확인+알림푸시확인+멀티디바이스OS,1,0.0017
5.일반채팅,compound:UI노출확인+데이터변경확인+설정상태유지,1,0.0017
5.일반채팅,compound:UI노출확인+데이터변경확인+알림푸시확인+설정상태유지+콘텐츠미디어확인,1,0.0017
5.일반채팅,compound:UI노출확인+예외에러확인+멀티디바이스OS,1,0.0017
5.일반채팅,compound:UI노출확인+데이터변경확인+멀티디바이스OS+설정상태유지+콘텐츠미디어확인,1,0.0017
5.일반채팅,compound:기능동작확인+예외에러확인+콘텐츠미디어확인,1,0.0017
5.일반채팅,compound:UI노출확인+알림푸시확인+멀티디바이스OS,1,0.0017
5.일반채팅,compound:UI노출확인+데이터변경확인+예외에러확인+알림푸시확인,1,0.0017
5.일반채팅,compound:데이터변경확인+멀티디바이스OS,1,0.0017
5.일반채팅,compound:UI노출확인+기능동작확인+예외에러확인+알림푸시확인+콘텐츠미디어확인,1,0.0017
5.일반채팅,compound:멀티디바이스OS+설정상태유지,1,0.0017
5.일반채팅,compound:네트워크서버연동+멀티디바이스OS+콘텐츠미디어확인,1,0.0017
5.일반채팅,compound:예외에러확인+네트워크서버연동+알림푸시확인+멀티디바이스OS,1,0.0017
5.일반채팅,compound:UI노출확인+기능동작확인+예외에러확인+네트워크서버연동+알림푸시확인+콘텐츠미디어확인,1,0.0017
5.일반채팅,compound:기능동작확인+예외에러확인+네트워크서버연동+멀티디바이스OS+콘텐츠미디어확인,1,0.0017
5.일반채팅,compound:UI노출확인+데이터변경확인+기능동작확인+콘텐츠미디어확인,1,0.0017
5.일반채팅,compound:UI노출확인+기능동작확인+권한인증확인+알림푸시확인+멀티디바이스OS,1,0.0017
5.일반채팅,compound:UI노출확인+권한인증확인+네트워크서버연동+알림푸시확인+콘텐츠미디어확인,1,0.0017
5.일반채팅,compound:권한인증확인+알림푸시확인,1,0.0017
5.일반채팅,compound:기능동작확인+권한인증확인+알림푸시확인,1,0.0017
5.일반채팅,compound:권한인증확인+네트워크서버연동,1,0.0017
5.일반채팅,compound:UI노출확인+기능동작확인+권한인증확인,1,0.0017
5.일반채팅,compound:네트워크서버연동+콘텐츠미디어확인,1,0.0017
5.일반채팅,compound:데이터변경확인+알림푸시확인+콘텐츠미디어확인,1,0.0017
5.일반채팅,compound:기능동작확인+멀티디바이스OS+설정상태유지+콘텐츠미디어확인,1,0.0017
5.일반채팅,compound:멀티디바이스OS+설정상태유지+콘텐츠미디어확인,1,0.0017
5.일반채팅,compound:기능동작확인+설정상태유지+콘텐츠미디어확인,1,0.0017
5.일반채팅,compound:예외에러확인+설정상태유지+콘텐츠미디어확인,1,0.0017
5.일반채팅,compound:기능동작확인+예외에러확인+알림푸시확인+콘텐츠미디어확인,1,0.0017
5.일반채팅,compound:UI노출확인+데이터변경확인+기능동작확인+권한인증확인+콘텐츠미디어확인,1,0.0017
5.일반채팅,compound:예외에러확인+알림푸시확인,1,0.0017
5.일반채팅,compound:UI노출확인+기능동작확인+예외에러확인+멀티디바이스OS,1,0.0017
5.일반채팅,compound:UI노출확인+기능동작확인+권한인증확인+멀티디바이스OS+콘텐츠미디어확인,1,0.0017
5.일반채팅,compound:UI노출확인+데이터변경확인+설정상태유지+콘텐츠미디어확인,1,0.0017
5.일반채팅,compound:기능동작확인+예외에러확인+멀티디바이스OS+콘텐츠미디어확인,1,0.0017
5.일반채팅,compound:데이터변경확인+알림푸시확인+멀티디바이스OS+설정상태유지+콘텐츠미디어확인,1,0.0017
5.일반채팅,compound:UI노출확인+예외에러확인+설정상태유지+콘텐츠미디어확인,1,0.0017
5.일반채팅,compound:UI노출확인+알림푸시확인+설정상태유지+콘텐츠미디어확인,1,0.0017
5.일반채팅,compound:기능동작확인+예외에러확인+멀티디바이스OS,1,0.0017
5.일반채팅,compound:UI노출확인+예외에러확인+네트워크서버연동+설정상태유지,1,0.0017
5.일반채팅,compound:권한인증확인+알림푸시확인+멀티디바이스OS+콘텐츠미디어확인,1,0.0017
5.일반채팅,compound:UI노출확인+권한인증확인+설정상태유지+콘텐츠미디어확인,1,0.0017
6.비밀채팅,ui_visibility,8,0.1053
6.비밀채팅,data_change,3,0.0395
6.비밀채팅,function_behavior,4,0.0526
6.비밀채팅,permission_auth,2,0.0263
6.비밀채팅,exception_error,16,0.2105
6.비밀채팅,network_server,3,0.0395
6.비밀채팅,notification,28,0.3684
6.비밀채팅,multi_device_os,6,0.0789
6.비밀채팅,state_persistence,1,0.0132
6.비밀채팅,content_media,26,0.3421
6.비밀채팅,has_precondition,26,0.3421
6.비밀채팅,automation_candidate,2,0.0263
6.비밀채팅,manual_required,2,0.0263
6.비밀채팅,compound:알림푸시확인+콘텐츠미디어확인,11,0.1447
6.비밀채팅,compound:UI노출확인+예외에러확인,2,0.0263
6.비밀채팅,compound:예외에러확인+멀티디바이스OS,2,0.0263
6.비밀채팅,compound:예외에러확인+네트워크서버연동,2,0.0263
6.비밀채팅,compound:알림푸시확인+멀티디바이스OS+콘텐츠미디어확인,2,0.0263
6.비밀채팅,compound:기능동작확인+알림푸시확인+콘텐츠미디어확인,2,0.0263
6.비밀채팅,compound:멀티디바이스OS+콘텐츠미디어확인,2,0.0263
6.비밀채팅,compound:UI노출확인+기능동작확인+권한인증확인+콘텐츠미디어확인,1,0.0132
6.비밀채팅,compound:예외에러확인+알림푸시확인+콘텐츠미디어확인,1,0.0132
6.비밀채팅,compound:UI노출확인+예외에러확인+설정상태유지,1,0.0132
6.비밀채팅,compound:권한인증확인+알림푸시확인+콘텐츠미디어확인,1,0.0132
6.비밀채팅,compound:UI노출확인+데이터변경확인+기능동작확인,1,0.0132
6.비밀채팅,compound:UI노출확인+데이터변경확인+예외에러확인+알림푸시확인,1,0.0132
6.비밀채팅,compound:UI노출확인+데이터변경확인+네트워크서버연동,1,0.0132
6.비밀채팅,compound:예외에러확인+알림푸시확인,1,0.0132
7.팀채팅_채팅방,ui_visibility,242,0.5052
7.팀채팅_채팅방,data_change,53,0.1106
7.팀채팅_채팅방,function_behavior,133,0.2777
7.팀채팅_채팅방,permission_auth,50,0.1044
7.팀채팅_채팅방,exception_error,125,0.261
7.팀채팅_채팅방,network_server,80,0.167
7.팀채팅_채팅방,notification,32,0.0668
7.팀채팅_채팅방,multi_device_os,35,0.0731
7.팀채팅_채팅방,state_persistence,51,0.1065
7.팀채팅_채팅방,content_media,119,0.2484
7.팀채팅_채팅방,has_precondition,314,0.6555
7.팀채팅_채팅방,automation_candidate,204,0.4259
7.팀채팅_채팅방,manual_required,0,0.0
7.팀채팅_채팅방,compound:UI노출확인+예외에러확인,21,0.0438
7.팀채팅_채팅방,compound:UI노출확인+기능동작확인,19,0.0397
7.팀채팅_채팅방,compound:UI노출확인+기능동작확인+네트워크서버연동,19,0.0397
7.팀채팅_채팅방,compound:UI노출확인+기능동작확인+콘텐츠미디어확인,15,0.0313
7.팀채팅_채팅방,compound:UI노출확인+콘텐츠미디어확인,12,0.0251
7.팀채팅_채팅방,compound:기능동작확인+예외에러확인+콘텐츠미디어확인,11,0.023
7.팀채팅_채팅방,compound:UI노출확인+데이터변경확인,10,0.0209
7.팀채팅_채팅방,compound:UI노출확인+권한인증확인,10,0.0209
7.팀채팅_채팅방,compound:UI노출확인+네트워크서버연동,10,0.0209
7.팀채팅_채팅방,compound:기능동작확인+콘텐츠미디어확인,8,0.0167
7.팀채팅_채팅방,compound:예외에러확인+설정상태유지,7,0.0146
7.팀채팅_채팅방,compound:데이터변경확인+예외에러확인+네트워크서버연동,7,0.0146
7.팀채팅_채팅방,compound:UI노출확인+기능동작확인+권한인증확인,6,0.0125
7.팀채팅_채팅방,compound:UI노출확인+예외에러확인+설정상태유지,6,0.0125
7.팀채팅_채팅방,compound:UI노출확인+기능동작확인+권한인증확인+콘텐츠미디어확인,5,0.0104
7.팀채팅_채팅방,compound:UI노출확인+기능동작확인+권한인증확인+설정상태유지+콘텐츠미디어확인,5,0.0104
7.팀채팅_채팅방,compound:알림푸시확인+콘텐츠미디어확인,5,0.0104
7.팀채팅_채팅방,compound:UI노출확인+네트워크서버연동+멀티디바이스OS+설정상태유지+콘텐츠미디어확인,5,0.0104
7.팀채팅_채팅방,compound:데이터변경확인+네트워크서버연동,5,0.0104
7.팀채팅_채팅방,compound:UI노출확인+기능동작확인+알림푸시확인+멀티디바이스OS,4,0.0084
7.팀채팅_채팅방,compound:예외에러확인+멀티디바이스OS,4,0.0084
7.팀채팅_채팅방,compound:권한인증확인+예외에러확인,4,0.0084
7.팀채팅_채팅방,compound:UI노출확인+설정상태유지,4,0.0084
7.팀채팅_채팅방,compound:예외에러확인+네트워크서버연동,4,0.0084
7.팀채팅_채팅방,compound:UI노출확인+데이터변경확인+예외에러확인,4,0.0084
7.팀채팅_채팅방,compound:UI노출확인+기능동작확인+예외에러확인,4,0.0084
7.팀채팅_채팅방,compound:네트워크서버연동+설정상태유지+콘텐츠미디어확인,3,0.0063
7.팀채팅_채팅방,compound:기능동작확인+네트워크서버연동+콘텐츠미디어확인,3,0.0063
7.팀채팅_채팅방,compound:데이터변경확인+예외에러확인,3,0.0063
7.팀채팅_채팅방,compound:멀티디바이스OS+콘텐츠미디어확인,3,0.0063
7.팀채팅_채팅방,compound:UI노출확인+기능동작확인+설정상태유지,3,0.0063
7.팀채팅_채팅방,compound:기능동작확인+네트워크서버연동+설정상태유지,3,0.0063
7.팀채팅_채팅방,compound:UI노출확인+예외에러확인+알림푸시확인,2,0.0042
7.팀채팅_채팅방,compound:알림푸시확인+멀티디바이스OS+설정상태유지+콘텐츠미디어확인,2,0.0042
7.팀채팅_채팅방,compound:예외에러확인+알림푸시확인,2,0.0042
7.팀채팅_채팅방,compound:UI노출확인+데이터변경확인+예외에러확인+콘텐츠미디어확인,2,0.0042
7.팀채팅_채팅방,compound:UI노출확인+예외에러확인+콘텐츠미디어확인,2,0.0042
7.팀채팅_채팅방,compound:권한인증확인+알림푸시확인+멀티디바이스OS+콘텐츠미디어확인,2,0.0042
7.팀채팅_채팅방,compound:데이터변경확인+콘텐츠미디어확인,2,0.0042
7.팀채팅_채팅방,compound:UI노출확인+데이터변경확인+기능동작확인+권한인증확인+콘텐츠미디어확인,2,0.0042
7.팀채팅_채팅방,compound:UI노출확인+데이터변경확인+권한인증확인,2,0.0042
7.팀채팅_채팅방,compound:UI노출확인+권한인증확인+예외에러확인,2,0.0042
7.팀채팅_채팅방,compound:UI노출확인+데이터변경확인+기능동작확인+콘텐츠미디어확인,2,0.0042
7.팀채팅_채팅방,compound:기능동작확인+권한인증확인+예외에러확인,2,0.0042
7.팀채팅_채팅방,compound:기능동작확인+네트워크서버연동,2,0.0042
7.팀채팅_채팅방,compound:설정상태유지+콘텐츠미디어확인,2,0.0042
7.팀채팅_채팅방,compound:기능동작확인+예외에러확인,2,0.0042
7.팀채팅_채팅방,compound:예외에러확인+알림푸시확인+멀티디바이스OS,2,0.0042
7.팀채팅_채팅방,compound:데이터변경확인+멀티디바이스OS+콘텐츠미디어확인,2,0.0042
7.팀채팅_채팅방,compound:UI노출확인+데이터변경확인+권한인증확인+멀티디바이스OS,1,0.0021
7.팀채팅_채팅방,compound:UI노출확인+권한인증확인+멀티디바이스OS,1,0.0021
7.팀채팅_채팅방,compound:UI노출확인+멀티디바이스OS,1,0.0021
7.팀채팅_채팅방,compound:UI노출확인+기능동작확인+예외에러확인+네트워크서버연동+설정상태유지,1,0.0021
7.팀채팅_채팅방,compound:UI노출확인+기능동작확인+예외에러확인+설정상태유지,1,0.0021
7.팀채팅_채팅방,compound:데이터변경확인+알림푸시확인+멀티디바이스OS+콘텐츠미디어확인,1,0.0021
7.팀채팅_채팅방,compound:UI노출확인+예외에러확인+네트워크서버연동+알림푸시확인+콘텐츠미디어확인,1,0.0021
7.팀채팅_채팅방,compound:UI노출확인+예외에러확인+알림푸시확인+콘텐츠미디어확인,1,0.0021
7.팀채팅_채팅방,compound:UI노출확인+기능동작확인+예외에러확인+알림푸시확인+콘텐츠미디어확인,1,0.0021
7.팀채팅_채팅방,compound:UI노출확인+예외에러확인+멀티디바이스OS+콘텐츠미디어확인,1,0.0021
7.팀채팅_채팅방,compound:권한인증확인+알림푸시확인+콘텐츠미디어확인,1,0.0021
7.팀채팅_채팅방,compound:UI노출확인+기능동작확인+권한인증확인+알림푸시확인,1,0.0021
7.팀채팅_채팅방,compound:데이터변경확인+권한인증확인,1,0.0021
7.팀채팅_채팅방,compound:알림푸시확인+멀티디바이스OS+콘텐츠미디어확인,1,0.0021
7.팀채팅_채팅방,compound:데이터변경확인+설정상태유지+콘텐츠미디어확인,1,0.0021
7.팀채팅_채팅방,compound:UI노출확인+설정상태유지+콘텐츠미디어확인,1,0.0021
7.팀채팅_채팅방,compound:데이터변경확인+알림푸시확인,1,0.0021
7.팀채팅_채팅방,compound:UI노출확인+데이터변경확인+콘텐츠미디어확인,1,0.0021
7.팀채팅_채팅방,compound:기능동작확인+권한인증확인,1,0.0021
7.팀채팅_채팅방,compound:UI노출확인+예외에러확인+네트워크서버연동,1,0.0021
7.팀채팅_채팅방,compound:기능동작확인+예외에러확인+설정상태유지+콘텐츠미디어확인,1,0.0021
7.팀채팅_채팅방,compound:예외에러확인+설정상태유지+콘텐츠미디어확인,1,0.0021
7.팀채팅_채팅방,compound:데이터변경확인+예외에러확인+네트워크서버연동+알림푸시확인,1,0.0021
7.팀채팅_채팅방,compound:데이터변경확인+알림푸시확인+설정상태유지+콘텐츠미디어확인,1,0.0021
7.팀채팅_채팅방,compound:UI노출확인+알림푸시확인+콘텐츠미디어확인,1,0.0021
7.팀채팅_채팅방,compound:예외에러확인+콘텐츠미디어확인,1,0.0021
7.팀채팅_채팅방,compound:권한인증확인+설정상태유지,1,0.0021
7.팀채팅_채팅방,compound:멀티디바이스OS+설정상태유지,1,0.0021
8.팀채팅_홈상세,ui_visibility,55,0.3901
8.팀채팅_홈상세,data_change,3,0.0213
8.팀채팅_홈상세,function_behavior,10,0.0709
8.팀채팅_홈상세,permission_auth,1,0.0071
8.팀채팅_홈상세,exception_error,17,0.1206
8.팀채팅_홈상세,network_server,7,0.0496
8.팀채팅_홈상세,notification,17,0.1206
8.팀채팅_홈상세,multi_device_os,12,0.0851
8.팀채팅_홈상세,state_persistence,13,0.0922
8.팀채팅_홈상세,content_media,92,0.6525
8.팀채팅_홈상세,has_precondition,77,0.5461
8.팀채팅_홈상세,automation_candidate,0,0.0
8.팀채팅_홈상세,manual_required,0,0.0
8.팀채팅_홈상세,compound:UI노출확인+콘텐츠미디어확인,35,0.2482
8.팀채팅_홈상세,compound:설정상태유지+콘텐츠미디어확인,8,0.0567
8.팀채팅_홈상세,compound:UI노출확인+기능동작확인,6,0.0426
8.팀채팅_홈상세,compound:예외에러확인+콘텐츠미디어확인,5,0.0355
8.팀채팅_홈상세,compound:알림푸시확인+콘텐츠미디어확인,4,0.0284
8.팀채팅_홈상세,compound:예외에러확인+알림푸시확인+콘텐츠미디어확인,3,0.0213
8.팀채팅_홈상세,compound:UI노출확인+예외에러확인+네트워크서버연동+콘텐츠미디어확인,2,0.0142
8.팀채팅_홈상세,compound:UI노출확인+기능동작확인+멀티디바이스OS,2,0.0142
8.팀채팅_홈상세,compound:데이터변경확인+알림푸시확인+멀티디바이스OS+콘텐츠미디어확인,2,0.0142
8.팀채팅_홈상세,compound:UI노출확인+멀티디바이스OS,1,0.0071
8.팀채팅_홈상세,compound:예외에러확인+네트워크서버연동,1,0.0071
8.팀채팅_홈상세,compound:네트워크서버연동+콘텐츠미디어확인,1,0.0071
8.팀채팅_홈상세,compound:예외에러확인+네트워크서버연동+콘텐츠미디어확인,1,0.0071
8.팀채팅_홈상세,compound:UI노출확인+권한인증확인,1,0.0071
8.팀채팅_홈상세,compound:예외에러확인+멀티디바이스OS+콘텐츠미디어확인,1,0.0071
8.팀채팅_홈상세,compound:알림푸시확인+멀티디바이스OS+설정상태유지+콘텐츠미디어확인,1,0.0071
8.팀채팅_홈상세,compound:멀티디바이스OS+설정상태유지+콘텐츠미디어확인,1,0.0071
8.팀채팅_홈상세,compound:멀티디바이스OS+콘텐츠미디어확인,1,0.0071
8.팀채팅_홈상세,compound:UI노출확인+기능동작확인+콘텐츠미디어확인,1,0.0071
8.팀채팅_홈상세,compound:알림푸시확인+설정상태유지+콘텐츠미디어확인,1,0.0071
8.팀채팅_홈상세,compound:기능동작확인+멀티디바이스OS+콘텐츠미디어확인,1,0.0071
8.팀채팅_홈상세,compound:UI노출확인+알림푸시확인+콘텐츠미디어확인,1,0.0071
8.팀채팅_홈상세,compound:UI노출확인+예외에러확인+알림푸시확인+콘텐츠미디어확인,1,0.0071
8.팀채팅_홈상세,compound:예외에러확인+알림푸시확인+멀티디바이스OS+콘텐츠미디어확인,1,0.0071
8.팀채팅_홈상세,compound:알림푸시확인+설정상태유지,1,0.0071
8.팀채팅_홈상세,compound:예외에러확인+알림푸시확인,1,0.0071
9.숏폼,ui_visibility,5,0.0685
9.숏폼,data_change,0,0.0
9.숏폼,function_behavior,2,0.0274
9.숏폼,permission_auth,0,0.0
9.숏폼,exception_error,1,0.0137
9.숏폼,network_server,0,0.0
9.숏폼,notification,6,0.0822
9.숏폼,multi_device_os,1,0.0137
9.숏폼,state_persistence,1,0.0137
9.숏폼,content_media,16,0.2192
9.숏폼,has_precondition,13,0.1781
9.숏폼,automation_candidate,0,0.0
9.숏폼,manual_required,0,0.0
9.숏폼,compound:UI노출확인+알림푸시확인,2,0.0274
9.숏폼,compound:알림푸시확인+설정상태유지+콘텐츠미디어확인,1,0.0137
9.숏폼,compound:UI노출확인+알림푸시확인+콘텐츠미디어확인,1,0.0137
9.숏폼,compound:알림푸시확인+콘텐츠미디어확인,1,0.0137
9.숏폼,compound:멀티디바이스OS+콘텐츠미디어확인,1,0.0137
10.통화,ui_visibility,38,0.3248
10.통화,data_change,19,0.1624
10.통화,function_behavior,9,0.0769
10.통화,permission_auth,10,0.0855
10.통화,exception_error,17,0.1453
10.통화,network_server,6,0.0513
10.통화,notification,22,0.188
10.통화,multi_device_os,14,0.1197
10.통화,state_persistence,19,0.1624
10.통화,content_media,22,0.188
10.통화,has_precondition,12,0.1026
10.통화,automation_candidate,0,0.0
10.통화,manual_required,12,0.1026
10.통화,compound:예외에러확인+네트워크서버연동+설정상태유지,5,0.0427
10.통화,compound:UI노출확인+기능동작확인,4,0.0342
10.통화,compound:UI노출확인+콘텐츠미디어확인,4,0.0342
10.통화,compound:권한인증확인+멀티디바이스OS,3,0.0256
10.통화,compound:UI노출확인+알림푸시확인,3,0.0256
10.통화,compound:UI노출확인+알림푸시확인+설정상태유지,3,0.0256
10.통화,compound:UI노출확인+데이터변경확인,3,0.0256
10.통화,compound:UI노출확인+데이터변경확인+콘텐츠미디어확인,3,0.0256
10.통화,compound:예외에러확인+알림푸시확인,2,0.0171
10.통화,compound:권한인증확인+예외에러확인+알림푸시확인,2,0.0171
10.통화,compound:알림푸시확인+멀티디바이스OS,2,0.0171
10.통화,compound:UI노출확인+기능동작확인+설정상태유지,1,0.0085
10.통화,compound:UI노출확인+권한인증확인+예외에러확인,1,0.0085
10.통화,compound:기능동작확인+알림푸시확인+멀티디바이스OS+설정상태유지,1,0.0085
10.통화,compound:UI노출확인+네트워크서버연동,1,0.0085
10.통화,compound:UI노출확인+예외에러확인+알림푸시확인+멀티디바이스OS+콘텐츠미디어확인,1,0.0085
10.통화,compound:데이터변경확인+멀티디바이스OS+콘텐츠미디어확인,1,0.0085
10.통화,compound:UI노출확인+데이터변경확인+알림푸시확인,1,0.0085
10.통화,compound:데이터변경확인+설정상태유지,1,0.0085
10.통화,compound:UI노출확인+설정상태유지,1,0.0085
10.통화,compound:UI노출확인+설정상태유지+콘텐츠미디어확인,1,0.0085
10.통화,compound:UI노출확인+멀티디바이스OS+설정상태유지+콘텐츠미디어확인,1,0.0085
10.통화,compound:UI노출확인+멀티디바이스OS+설정상태유지,1,0.0085
10.통화,compound:데이터변경확인+멀티디바이스OS,1,0.0085
10.통화,compound:멀티디바이스OS+콘텐츠미디어확인,1,0.0085
10.통화,compound:예외에러확인+알림푸시확인+멀티디바이스OS+설정상태유지,1,0.0085
10.통화,compound:UI노출확인+데이터변경확인+기능동작확인+알림푸시확인,1,0.0085
10.통화,compound:UI노출확인+권한인증확인+예외에러확인+알림푸시확인,1,0.0085
10.통화,compound:UI노출확인+데이터변경확인+예외에러확인+알림푸시확인,1,0.0085
10.통화,compound:UI노출확인+예외에러확인,1,0.0085
10.통화,compound:UI노출확인+데이터변경확인+예외에러확인+콘텐츠미디어확인,1,0.0085
10.통화,compound:예외에러확인+콘텐츠미디어확인,1,0.0085
10.통화,compound:멀티디바이스OS+설정상태유지,1,0.0085
11.톡뮤직,ui_visibility,2,0.0241
11.톡뮤직,data_change,0,0.0
11.톡뮤직,function_behavior,15,0.1807
11.톡뮤직,permission_auth,8,0.0964
11.톡뮤직,exception_error,30,0.3614
11.톡뮤직,network_server,1,0.012
11.톡뮤직,notification,9,0.1084
11.톡뮤직,multi_device_os,17,0.2048
11.톡뮤직,state_persistence,10,0.1205
11.톡뮤직,content_media,8,0.0964
11.톡뮤직,has_precondition,33,0.3976
11.톡뮤직,automation_candidate,0,0.0
11.톡뮤직,manual_required,0,0.0
11.톡뮤직,compound:기능동작확인+예외에러확인,6,0.0723
11.톡뮤직,compound:기능동작확인+예외에러확인+멀티디바이스OS,4,0.0482
11.톡뮤직,compound:멀티디바이스OS+설정상태유지,3,0.0361
11.톡뮤직,compound:기능동작확인+멀티디바이스OS,2,0.0241
11.톡뮤직,compound:권한인증확인+예외에러확인+알림푸시확인,2,0.0241
11.톡뮤직,compound:UI노출확인+설정상태유지,1,0.012
11.톡뮤직,compound:기능동작확인+콘텐츠미디어확인,1,0.012
11.톡뮤직,compound:권한인증확인+알림푸시확인,1,0.012
11.톡뮤직,compound:권한인증확인+예외에러확인,1,0.012
11.톡뮤직,compound:예외에러확인+알림푸시확인,1,0.012
11.톡뮤직,compound:예외에러확인+콘텐츠미디어확인,1,0.012
11.톡뮤직,compound:권한인증확인+예외에러확인+콘텐츠미디어확인,1,0.012
11.톡뮤직,compound:UI노출확인+기능동작확인+멀티디바이스OS+설정상태유지,1,0.012
11.톡뮤직,compound:권한인증확인+설정상태유지,1,0.012
11.톡뮤직,compound:예외에러확인+설정상태유지,1,0.012
11.톡뮤직,compound:예외에러확인+네트워크서버연동,1,0.012
11.톡뮤직,compound:멀티디바이스OS+설정상태유지+콘텐츠미디어확인,1,0.012
11.톡뮤직,compound:알림푸시확인+콘텐츠미디어확인,1,0.012
12.이모티콘플러스(+키보드),ui_visibility,183,0.3735
12.이모티콘플러스(+키보드),data_change,9,0.0184
12.이모티콘플러스(+키보드),function_behavior,27,0.0551
12.이모티콘플러스(+키보드),permission_auth,0,0.0
12.이모티콘플러스(+키보드),exception_error,20,0.0408
12.이모티콘플러스(+키보드),network_server,28,0.0571
12.이모티콘플러스(+키보드),notification,19,0.0388
12.이모티콘플러스(+키보드),multi_device_os,28,0.0571
12.이모티콘플러스(+키보드),state_persistence,28,0.0571
12.이모티콘플러스(+키보드),content_media,282,0.5755
12.이모티콘플러스(+키보드),has_precondition,211,0.4306
12.이모티콘플러스(+키보드),automation_candidate,130,0.2653
12.이모티콘플러스(+키보드),manual_required,0,0.0
12.이모티콘플러스(+키보드),compound:UI노출확인+콘텐츠미디어확인,67,0.1367
12.이모티콘플러스(+키보드),compound:네트워크서버연동+콘텐츠미디어확인,18,0.0367
12.이모티콘플러스(+키보드),compound:멀티디바이스OS+콘텐츠미디어확인,13,0.0265
12.이모티콘플러스(+키보드),compound:기능동작확인+콘텐츠미디어확인,13,0.0265
12.이모티콘플러스(+키보드),compound:UI노출확인+알림푸시확인+콘텐츠미디어확인,11,0.0224
12.이모티콘플러스(+키보드),compound:설정상태유지+콘텐츠미디어확인,6,0.0122
12.이모티콘플러스(+키보드),compound:UI노출확인+예외에러확인+콘텐츠미디어확인,6,0.0122
12.이모티콘플러스(+키보드),compound:알림푸시확인+콘텐츠미디어확인,6,0.0122
12.이모티콘플러스(+키보드),compound:예외에러확인+설정상태유지+콘텐츠미디어확인,5,0.0102
12.이모티콘플러스(+키보드),compound:UI노출확인+설정상태유지+콘텐츠미디어확인,4,0.0082
12.이모티콘플러스(+키보드),compound:UI노출확인+기능동작확인,4,0.0082
12.이모티콘플러스(+키보드),compound:네트워크서버연동+멀티디바이스OS,4,0.0082
12.이모티콘플러스(+키보드),compound:예외에러확인+콘텐츠미디어확인,3,0.0061
12.이모티콘플러스(+키보드),compound:데이터변경확인+콘텐츠미디어확인,2,0.0041
12.이모티콘플러스(+키보드),compound:기능동작확인+멀티디바이스OS+콘텐츠미디어확인,2,0.0041
12.이모티콘플러스(+키보드),compound:UI노출확인+기능동작확인+콘텐츠미디어확인,2,0.0041
12.이모티콘플러스(+키보드),compound:UI노출확인+멀티디바이스OS,2,0.0041
12.이모티콘플러스(+키보드),compound:UI노출확인+네트워크서버연동+멀티디바이스OS,2,0.0041
12.이모티콘플러스(+키보드),compound:UI노출확인+예외에러확인+알림푸시확인+콘텐츠미디어확인,1,0.002
12.이모티콘플러스(+키보드),compound:데이터변경확인+설정상태유지,1,0.002
12.이모티콘플러스(+키보드),compound:UI노출확인+데이터변경확인+설정상태유지,1,0.002
12.이모티콘플러스(+키보드),compound:UI노출확인+네트워크서버연동,1,0.002
12.이모티콘플러스(+키보드),compound:UI노출확인+설정상태유지,1,0.002
12.이모티콘플러스(+키보드),compound:UI노출확인+예외에러확인,1,0.002
12.이모티콘플러스(+키보드),compound:기능동작확인+설정상태유지+콘텐츠미디어확인,1,0.002
12.이모티콘플러스(+키보드),compound:UI노출확인+네트워크서버연동+콘텐츠미디어확인,1,0.002
12.이모티콘플러스(+키보드),compound:예외에러확인+알림푸시확인+멀티디바이스OS+설정상태유지+콘텐츠미디어확인,1,0.002
13.검색,ui_visibility,52,0.391
13.검색,data_change,2,0.015
13.검색,function_behavior,15,0.1128
13.검색,permission_auth,6,0.0451
13.검색,exception_error,5,0.0376
13.검색,network_server,0,0.0
13.검색,notification,5,0.0376
13.검색,multi_device_os,0,0.0
13.검색,state_persistence,1,0.0075
13.검색,content_media,12,0.0902
13.검색,has_precondition,9,0.0677
13.검색,automation_candidate,0,0.0
13.검색,manual_required,1,0.0075
13.검색,compound:UI노출확인+기능동작확인,7,0.0526
13.검색,compound:UI노출확인+콘텐츠미디어확인,6,0.0451
13.검색,compound:UI노출확인+기능동작확인+콘텐츠미디어확인,2,0.015
13.검색,compound:기능동작확인+알림푸시확인,2,0.015
13.검색,compound:UI노출확인+권한인증확인,1,0.0075
13.검색,compound:UI노출확인+데이터변경확인,1,0.0075
13.검색,compound:UI노출확인+알림푸시확인,1,0.0075
13.검색,compound:UI노출확인+예외에러확인,1,0.0075
13.검색,compound:권한인증확인+알림푸시확인,1,0.0075
13.검색,compound:권한인증확인+알림푸시확인+콘텐츠미디어확인,1,0.0075
13.검색,compound:데이터변경확인+권한인증확인,1,0.0075
14.이모티콘스토어,ui_visibility,167,0.1767
14.이모티콘스토어,data_change,6,0.0063
14.이모티콘스토어,function_behavior,38,0.0402
14.이모티콘스토어,permission_auth,28,0.0296
14.이모티콘스토어,exception_error,53,0.0561
14.이모티콘스토어,network_server,60,0.0635
14.이모티콘스토어,notification,74,0.0783
14.이모티콘스토어,multi_device_os,31,0.0328
14.이모티콘스토어,state_persistence,31,0.0328
14.이모티콘스토어,content_media,297,0.3143
14.이모티콘스토어,has_precondition,437,0.4624
14.이모티콘스토어,automation_candidate,105,0.1111
14.이모티콘스토어,manual_required,0,0.0
14.이모티콘스토어,compound:UI노출확인+콘텐츠미디어확인,26,0.0275
14.이모티콘스토어,compound:알림푸시확인+콘텐츠미디어확인,22,0.0233
14.이모티콘스토어,compound:UI노출확인+알림푸시확인+콘텐츠미디어확인,20,0.0212
14.이모티콘스토어,compound:UI노출확인+네트워크서버연동,13,0.0138
14.이모티콘스토어,compound:네트워크서버연동+멀티디바이스OS,10,0.0106
14.이모티콘스토어,compound:권한인증확인+예외에러확인,9,0.0095
14.이모티콘스토어,compound:기능동작확인+콘텐츠미디어확인,7,0.0074
14.이모티콘스토어,compound:예외에러확인+알림푸시확인+콘텐츠미디어확인,7,0.0074
14.이모티콘스토어,compound:멀티디바이스OS+콘텐츠미디어확인,7,0.0074
14.이모티콘스토어,compound:예외에러확인+콘텐츠미디어확인,6,0.0063
14.이모티콘스토어,compound:UI노출확인+예외에러확인+알림푸시확인+콘텐츠미디어확인,6,0.0063
14.이모티콘스토어,compound:UI노출확인+기능동작확인+네트워크서버연동+콘텐츠미디어확인,5,0.0053
14.이모티콘스토어,compound:UI노출확인+예외에러확인,4,0.0042
14.이모티콘스토어,compound:UI노출확인+예외에러확인+콘텐츠미디어확인,3,0.0032
14.이모티콘스토어,compound:UI노출확인+예외에러확인+알림푸시확인+설정상태유지+콘텐츠미디어확인,3,0.0032
14.이모티콘스토어,compound:UI노출확인+알림푸시확인,3,0.0032
14.이모티콘스토어,compound:UI노출확인+기능동작확인+알림푸시확인,3,0.0032
14.이모티콘스토어,compound:UI노출확인+기능동작확인+콘텐츠미디어확인,2,0.0021
14.이모티콘스토어,compound:설정상태유지+콘텐츠미디어확인,2,0.0021
14.이모티콘스토어,compound:권한인증확인+콘텐츠미디어확인,2,0.0021
14.이모티콘스토어,compound:네트워크서버연동+콘텐츠미디어확인,2,0.0021
14.이모티콘스토어,compound:권한인증확인+알림푸시확인,2,0.0021
14.이모티콘스토어,compound:UI노출확인+권한인증확인,2,0.0021
14.이모티콘스토어,compound:알림푸시확인+설정상태유지,2,0.0021
14.이모티콘스토어,compound:권한인증확인+네트워크서버연동+콘텐츠미디어확인,1,0.0011
14.이모티콘스토어,compound:데이터변경확인+콘텐츠미디어확인,1,0.0011
14.이모티콘스토어,compound:UI노출확인+설정상태유지+콘텐츠미디어확인,1,0.0011
14.이모티콘스토어,compound:권한인증확인+설정상태유지+콘텐츠미디어확인,1,0.0011
14.이모티콘스토어,compound:UI노출확인+네트워크서버연동+콘텐츠미디어확인,1,0.0011
14.이모티콘스토어,compound:UI노출확인+권한인증확인+예외에러확인,1,0.0011
14.이모티콘스토어,compound:UI노출확인+권한인증확인+알림푸시확인+설정상태유지,1,0.0011
14.이모티콘스토어,compound:UI노출확인+기능동작확인+네트워크서버연동,1,0.0011
14.이모티콘스토어,compound:기능동작확인+권한인증확인,1,0.0011
14.이모티콘스토어,compound:기능동작확인+권한인증확인+콘텐츠미디어확인,1,0.0011
14.이모티콘스토어,compound:UI노출확인+기능동작확인+권한인증확인+콘텐츠미디어확인,1,0.0011
14.이모티콘스토어,compound:UI노출확인+예외에러확인+멀티디바이스OS+콘텐츠미디어확인,1,0.0011
14.이모티콘스토어,compound:UI노출확인+예외에러확인+알림푸시확인,1,0.0011
14.이모티콘스토어,compound:알림푸시확인+설정상태유지+콘텐츠미디어확인,1,0.0011
14.이모티콘스토어,compound:예외에러확인+네트워크서버연동+알림푸시확인+콘텐츠미디어확인,1,0.0011
14.이모티콘스토어,compound:기능동작확인+멀티디바이스OS,1,0.0011
14.이모티콘스토어,compound:UI노출확인+설정상태유지,1,0.0011
14.이모티콘스토어,compound:예외에러확인+네트워크서버연동,1,0.0011
15. 알림센터,ui_visibility,14,0.5
15. 알림센터,data_change,7,0.25
15. 알림센터,function_behavior,4,0.1429
15. 알림센터,permission_auth,0,0.0
15. 알림센터,exception_error,4,0.1429
15. 알림센터,network_server,1,0.0357
15. 알림센터,notification,28,1.0
15. 알림센터,multi_device_os,4,0.1429
15. 알림센터,state_persistence,3,0.1071
15. 알림센터,content_media,13,0.4643
15. 알림센터,has_precondition,20,0.7143
15. 알림센터,automation_candidate,0,0.0
15. 알림센터,manual_required,0,0.0
15. 알림센터,compound:데이터변경확인+알림푸시확인,5,0.1786
15. 알림센터,compound:UI노출확인+알림푸시확인+멀티디바이스OS+콘텐츠미디어확인,4,0.1429
15. 알림센터,compound:UI노출확인+알림푸시확인,3,0.1071
15. 알림센터,compound:UI노출확인+기능동작확인+알림푸시확인+콘텐츠미디어확인,3,0.1071
15. 알림센터,compound:UI노출확인+알림푸시확인+콘텐츠미디어확인,3,0.1071
15. 알림센터,compound:데이터변경확인+예외에러확인+알림푸시확인+설정상태유지,2,0.0714
15. 알림센터,compound:네트워크서버연동+알림푸시확인+콘텐츠미디어확인,1,0.0357
15. 알림센터,compound:알림푸시확인+설정상태유지+콘텐츠미디어확인,1,0.0357
15. 알림센터,compound:알림푸시확인+콘텐츠미디어확인,1,0.0357
15. 알림센터,compound:기능동작확인+예외에러확인+알림푸시확인,1,0.0357
15. 알림센터,compound:UI노출확인+예외에러확인+알림푸시확인,1,0.0357
16.톡클라우드_연락처,ui_visibility,50,0.1582
16.톡클라우드_연락처,data_change,42,0.1329
16.톡클라우드_연락처,function_behavior,9,0.0285
16.톡클라우드_연락처,permission_auth,8,0.0253
16.톡클라우드_연락처,exception_error,26,0.0823
16.톡클라우드_연락처,network_server,0,0.0
16.톡클라우드_연락처,notification,32,0.1013
16.톡클라우드_연락처,multi_device_os,51,0.1614
16.톡클라우드_연락처,state_persistence,8,0.0253
16.톡클라우드_연락처,content_media,11,0.0348
16.톡클라우드_연락처,has_precondition,151,0.4778
16.톡클라우드_연락처,automation_candidate,54,0.1709
16.톡클라우드_연락처,manual_required,0,0.0
16.톡클라우드_연락처,compound:데이터변경확인+멀티디바이스OS,17,0.0538
16.톡클라우드_연락처,compound:UI노출확인+예외에러확인+알림푸시확인,6,0.019
16.톡클라우드_연락처,compound:UI노출확인+예외에러확인,4,0.0127
16.톡클라우드_연락처,compound:UI노출확인+멀티디바이스OS,4,0.0127
16.톡클라우드_연락처,compound:UI노출확인+콘텐츠미디어확인,4,0.0127
16.톡클라우드_연락처,compound:UI노출확인+예외에러확인+알림푸시확인+멀티디바이스OS,3,0.0095
16.톡클라우드_연락처,compound:UI노출확인+기능동작확인,2,0.0063
16.톡클라우드_연락처,compound:UI노출확인+권한인증확인+예외에러확인+알림푸시확인,2,0.0063
16.톡클라우드_연락처,compound:권한인증확인+알림푸시확인+설정상태유지,2,0.0063
16.톡클라우드_연락처,compound:UI노출확인+기능동작확인+예외에러확인,2,0.0063
16.톡클라우드_연락처,compound:UI노출확인+데이터변경확인+멀티디바이스OS,2,0.0063
16.톡클라우드_연락처,compound:권한인증확인+알림푸시확인+멀티디바이스OS,2,0.0063
16.톡클라우드_연락처,compound:알림푸시확인+멀티디바이스OS+설정상태유지,2,0.0063
16.톡클라우드_연락처,compound:데이터변경확인+콘텐츠미디어확인,2,0.0063
16.톡클라우드_연락처,compound:권한인증확인+알림푸시확인,1,0.0032
16.톡클라우드_연락처,compound:알림푸시확인+설정상태유지,1,0.0032
16.톡클라우드_연락처,compound:UI노출확인+기능동작확인+알림푸시확인,1,0.0032
16.톡클라우드_연락처,compound:기능동작확인+멀티디바이스OS,1,0.0032
16.톡클라우드_연락처,compound:UI노출확인+기능동작확인+예외에러확인+알림푸시확인+멀티디바이스OS,1,0.0032
16.톡클라우드_연락처,compound:데이터변경확인+알림푸시확인,1,0.0032
16.톡클라우드_연락처,compound:데이터변경확인+기능동작확인+예외에러확인+알림푸시확인,1,0.0032
16.톡클라우드_연락처,compound:예외에러확인+멀티디바이스OS+설정상태유지,1,0.0032
16.톡클라우드_연락처,compound:예외에러확인+알림푸시확인,1,0.0032
16.톡클라우드_연락처,compound:데이터변경확인+예외에러확인+콘텐츠미디어확인,1,0.0032
17.지갑,ui_visibility,89,0.3179
17.지갑,data_change,8,0.0286
17.지갑,function_behavior,40,0.1429
17.지갑,permission_auth,151,0.5393
17.지갑,exception_error,93,0.3321
17.지갑,network_server,56,0.2
17.지갑,notification,37,0.1321
17.지갑,multi_device_os,23,0.0821
17.지갑,state_persistence,23,0.0821
17.지갑,content_media,30,0.1071
17.지갑,has_precondition,143,0.5107
17.지갑,automation_candidate,2,0.0071
17.지갑,manual_required,0,0.0
17.지갑,compound:권한인증확인+예외에러확인,15,0.0536
17.지갑,compound:UI노출확인+권한인증확인+예외에러확인,11,0.0393
17.지갑,compound:UI노출확인+권한인증확인,10,0.0357
17.지갑,compound:네트워크서버연동+콘텐츠미디어확인,9,0.0321
17.지갑,compound:UI노출확인+기능동작확인+권한인증확인,7,0.025
17.지갑,compound:권한인증확인+네트워크서버연동,6,0.0214
17.지갑,compound:UI노출확인+권한인증확인+예외에러확인+알림푸시확인,5,0.0179
17.지갑,compound:권한인증확인+설정상태유지,4,0.0143
17.지갑,compound:예외에러확인+네트워크서버연동+콘텐츠미디어확인,4,0.0143
17.지갑,compound:권한인증확인+예외에러확인+알림푸시확인+멀티디바이스OS,4,0.0143
17.지갑,compound:UI노출확인+기능동작확인+권한인증확인+네트워크서버연동,4,0.0143
17.지갑,compound:UI노출확인+예외에러확인,3,0.0107
17.지갑,compound:예외에러확인+네트워크서버연동,3,0.0107
17.지갑,compound:UI노출확인+기능동작확인+권한인증확인+예외에러확인+알림푸시확인,3,0.0107
17.지갑,compound:권한인증확인+멀티디바이스OS,3,0.0107
17.지갑,compound:UI노출확인+권한인증확인+예외에러확인+네트워크서버연동,3,0.0107
17.지갑,compound:UI노출확인+기능동작확인+권한인증확인+예외에러확인+네트워크서버연동+멀티디바이스OS,3,0.0107
17.지갑,compound:권한인증확인+네트워크서버연동+콘텐츠미디어확인,3,0.0107
17.지갑,compound:권한인증확인+알림푸시확인+설정상태유지,2,0.0071
17.지갑,compound:UI노출확인+기능동작확인+네트워크서버연동,2,0.0071
17.지갑,compound:UI노출확인+기능동작확인,2,0.0071
17.지갑,compound:데이터변경확인+권한인증확인,2,0.0071
17.지갑,compound:UI노출확인+예외에러확인+네트워크서버연동+알림푸시확인,2,0.0071
17.지갑,compound:UI노출확인+예외에러확인+알림푸시확인,2,0.0071
17.지갑,compound:예외에러확인+설정상태유지,2,0.0071
17.지갑,compound:UI노출확인+권한인증확인+예외에러확인+알림푸시확인+설정상태유지,2,0.0071
17.지갑,compound:권한인증확인+예외에러확인+멀티디바이스OS,2,0.0071
17.지갑,compound:UI노출확인+권한인증확인+예외에러확인+설정상태유지,2,0.0071
17.지갑,compound:UI노출확인+권한인증확인+멀티디바이스OS,2,0.0071
17.지갑,compound:권한인증확인+예외에러확인+네트워크서버연동+멀티디바이스OS,2,0.0071
17.지갑,compound:권한인증확인+예외에러확인+알림푸시확인,2,0.0071
17.지갑,compound:권한인증확인+콘텐츠미디어확인,1,0.0036
17.지갑,compound:UI노출확인+알림푸시확인,1,0.0036
17.지갑,compound:네트워크서버연동+알림푸시확인,1,0.0036
17.지갑,compound:UI노출확인+네트워크서버연동+콘텐츠미디어확인,1,0.0036
17.지갑,compound:UI노출확인+기능동작확인+네트워크서버연동+콘텐츠미디어확인,1,0.0036
17.지갑,compound:기능동작확인+네트워크서버연동+콘텐츠미디어확인,1,0.0036
17.지갑,compound:UI노출확인+콘텐츠미디어확인,1,0.0036
17.지갑,compound:UI노출확인+예외에러확인+콘텐츠미디어확인,1,0.0036
17.지갑,compound:UI노출확인+기능동작확인+예외에러확인,1,0.0036
17.지갑,compound:기능동작확인+예외에러확인+네트워크서버연동,1,0.0036
17.지갑,compound:UI노출확인+예외에러확인+네트워크서버연동,1,0.0036
17.지갑,compound:예외에러확인+콘텐츠미디어확인,1,0.0036
17.지갑,compound:UI노출확인+네트워크서버연동,1,0.0036
17.지갑,compound:UI노출확인+기능동작확인+권한인증확인+알림푸시확인,1,0.0036
17.지갑,compound:UI노출확인+알림푸시확인+설정상태유지,1,0.0036
17.지갑,compound:UI노출확인+데이터변경확인+권한인증확인+예외에러확인+알림푸시확인+멀티디바이스OS,1,0.0036
17.지갑,compound:데이터변경확인+기능동작확인+권한인증확인+알림푸시확인+멀티디바이스OS,1,0.0036
17.지갑,compound:권한인증확인+예외에러확인+콘텐츠미디어확인,1,0.0036
17.지갑,compound:UI노출확인+기능동작확인+권한인증확인+예외에러확인+멀티디바이스OS,1,0.0036
17.지갑,compound:UI노출확인+기능동작확인+권한인증확인+예외에러확인,1,0.0036
17.지갑,compound:UI노출확인+기능동작확인+권한인증확인+알림푸시확인+멀티디바이스OS,1,0.0036
17.지갑,compound:UI노출확인+권한인증확인+알림푸시확인+멀티디바이스OS,1,0.0036
17.지갑,compound:권한인증확인+예외에러확인+알림푸시확인+멀티디바이스OS+설정상태유지,1,0.0036
17.지갑,compound:권한인증확인+예외에러확인+설정상태유지,1,0.0036
17.지갑,compound:UI노출확인+권한인증확인+알림푸시확인,1,0.0036
17.지갑,compound:기능동작확인+권한인증확인+예외에러확인,1,0.0036
17.지갑,compound:기능동작확인+권한인증확인+예외에러확인+네트워크서버연동+알림푸시확인,1,0.0036
17.지갑,compound:권한인증확인+예외에러확인+네트워크서버연동,1,0.0036
17.지갑,compound:UI노출확인+기능동작확인+권한인증확인+예외에러확인+네트워크서버연동+알림푸시확인,1,0.0036
17.지갑,compound:UI노출확인+기능동작확인+권한인증확인+예외에러확인+네트워크서버연동,1,0.0036
17.지갑,compound:UI노출확인+권한인증확인+예외에러확인+네트워크서버연동+멀티디바이스OS,1,0.0036
17.지갑,compound:UI노출확인+기능동작확인+권한인증확인+네트워크서버연동+알림푸시확인,1,0.0036
18.톡캘린더,ui_visibility,27,0.0985
18.톡캘린더,data_change,9,0.0328
18.톡캘린더,function_behavior,2,0.0073
18.톡캘린더,permission_auth,5,0.0182
18.톡캘린더,exception_error,37,0.135
18.톡캘린더,network_server,17,0.062
18.톡캘린더,notification,67,0.2445
18.톡캘린더,multi_device_os,19,0.0693
18.톡캘린더,state_persistence,34,0.1241
18.톡캘린더,content_media,12,0.0438
18.톡캘린더,has_precondition,91,0.3321
18.톡캘린더,automation_candidate,2,0.0073
18.톡캘린더,manual_required,0,0.0
18.톡캘린더,compound:UI노출확인+예외에러확인,6,0.0219
18.톡캘린더,compound:네트워크서버연동+알림푸시확인,5,0.0182
18.톡캘린더,compound:예외에러확인+알림푸시확인,3,0.0109
18.톡캘린더,compound:알림푸시확인+설정상태유지,3,0.0109
18.톡캘린더,compound:예외에러확인+설정상태유지,3,0.0109
18.톡캘린더,compound:UI노출확인+알림푸시확인,3,0.0109
18.톡캘린더,compound:데이터변경확인+알림푸시확인+설정상태유지,2,0.0073
18.톡캘린더,compound:UI노출확인+설정상태유지,2,0.0073
18.톡캘린더,compound:예외에러확인+알림푸시확인+멀티디바이스OS,2,0.0073
18.톡캘린더,compound:알림푸시확인+콘텐츠미디어확인,2,0.0073
18.톡캘린더,compound:알림푸시확인+멀티디바이스OS,2,0.0073
18.톡캘린더,compound:기능동작확인+네트워크서버연동+알림푸시확인,1,0.0036
18.톡캘린더,compound:UI노출확인+기능동작확인,1,0.0036
18.톡캘린더,compound:UI노출확인+예외에러확인+알림푸시확인+멀티디바이스OS,1,0.0036
18.톡캘린더,compound:UI노출확인+예외에러확인+알림푸시확인,1,0.0036
18.톡캘린더,compound:UI노출확인+데이터변경확인+예외에러확인+알림푸시확인,1,0.0036
18.톡캘린더,compound:데이터변경확인+예외에러확인+알림푸시확인+설정상태유지,1,0.0036
18.톡캘린더,compound:데이터변경확인+네트워크서버연동+알림푸시확인+설정상태유지,1,0.0036
18.톡캘린더,compound:데이터변경확인+권한인증확인+설정상태유지,1,0.0036
18.톡캘린더,compound:데이터변경확인+권한인증확인,1,0.0036
18.톡캘린더,compound:UI노출확인+데이터변경확인,1,0.0036
18.톡캘린더,compound:데이터변경확인+예외에러확인+설정상태유지,1,0.0036
18.톡캘린더,compound:예외에러확인+멀티디바이스OS+설정상태유지,1,0.0036
18.톡캘린더,compound:설정상태유지+콘텐츠미디어확인,1,0.0036
18.톡캘린더,compound:알림푸시확인+멀티디바이스OS+콘텐츠미디어확인,1,0.0036
18.톡캘린더,compound:UI노출확인+예외에러확인+설정상태유지,1,0.0036
18.톡캘린더,compound:멀티디바이스OS+설정상태유지,1,0.0036
18.톡캘린더,compound:UI노출확인+멀티디바이스OS,1,0.0036
18.톡캘린더,compound:예외에러확인+멀티디바이스OS,1,0.0036
18.톡캘린더,compound:알림푸시확인+멀티디바이스OS+설정상태유지,1,0.0036
19.톡클라우드_백복(로직),ui_visibility,52,0.2476
19.톡클라우드_백복(로직),data_change,5,0.0238
19.톡클라우드_백복(로직),function_behavior,2,0.0095
19.톡클라우드_백복(로직),permission_auth,11,0.0524
19.톡클라우드_백복(로직),exception_error,25,0.119
19.톡클라우드_백복(로직),network_server,30,0.1429
19.톡클라우드_백복(로직),notification,16,0.0762
19.톡클라우드_백복(로직),multi_device_os,19,0.0905
19.톡클라우드_백복(로직),state_persistence,21,0.1
19.톡클라우드_백복(로직),content_media,51,0.2429
19.톡클라우드_백복(로직),has_precondition,96,0.4571
19.톡클라우드_백복(로직),automation_candidate,3,0.0143
19.톡클라우드_백복(로직),manual_required,0,0.0
19.톡클라우드_백복(로직),compound:UI노출확인+네트워크서버연동+콘텐츠미디어확인,14,0.0667
19.톡클라우드_백복(로직),compound:UI노출확인+콘텐츠미디어확인,7,0.0333
19.톡클라우드_백복(로직),compound:UI노출확인+네트워크서버연동+설정상태유지+콘텐츠미디어확인,5,0.0238
19.톡클라우드_백복(로직),compound:멀티디바이스OS+콘텐츠미디어확인,4,0.019
19.톡클라우드_백복(로직),compound:UI노출확인+네트워크서버연동,4,0.019
19.톡클라우드_백복(로직),compound:UI노출확인+예외에러확인+알림푸시확인+멀티디바이스OS,4,0.019
19.톡클라우드_백복(로직),compound:UI노출확인+설정상태유지+콘텐츠미디어확인,3,0.0143
19.톡클라우드_백복(로직),compound:UI노출확인+권한인증확인,3,0.0143
19.톡클라우드_백복(로직),compound:네트워크서버연동+설정상태유지+콘텐츠미디어확인,2,0.0095
19.톡클라우드_백복(로직),compound:데이터변경확인+예외에러확인,2,0.0095
19.톡클라우드_백복(로직),compound:UI노출확인+데이터변경확인+콘텐츠미디어확인,2,0.0095
19.톡클라우드_백복(로직),compound:멀티디바이스OS+설정상태유지,2,0.0095
19.톡클라우드_백복(로직),compound:알림푸시확인+멀티디바이스OS+설정상태유지,2,0.0095
19.톡클라우드_백복(로직),compound:예외에러확인+알림푸시확인,2,0.0095
19.톡클라우드_백복(로직),compound:권한인증확인+예외에러확인,2,0.0095
19.톡클라우드_백복(로직),compound:설정상태유지+콘텐츠미디어확인,1,0.0048
19.톡클라우드_백복(로직),compound:UI노출확인+네트워크서버연동+설정상태유지,1,0.0048
19.톡클라우드_백복(로직),compound:데이터변경확인+콘텐츠미디어확인,1,0.0048
19.톡클라우드_백복(로직),compound:예외에러확인+네트워크서버연동+설정상태유지+콘텐츠미디어확인,1,0.0048
19.톡클라우드_백복(로직),compound:예외에러확인+알림푸시확인+멀티디바이스OS,1,0.0048
19.톡클라우드_백복(로직),compound:UI노출확인+권한인증확인+예외에러확인+알림푸시확인+멀티디바이스OS,1,0.0048
19.톡클라우드_백복(로직),compound:예외에러확인+멀티디바이스OS,1,0.0048
19.톡클라우드_백복(로직),compound:예외에러확인+설정상태유지,1,0.0048
19.톡클라우드_백복(로직),compound:UI노출확인+예외에러확인,1,0.0048
19.톡클라우드_백복(로직),compound:UI노출확인+예외에러확인+멀티디바이스OS,1,0.0048
19.톡클라우드_백복(로직),compound:예외에러확인+알림푸시확인+설정상태유지,1,0.0048
19.톡클라우드_백복(로직),compound:UI노출확인+예외에러확인+알림푸시확인,1,0.0048
19.톡클라우드_백복(로직),compound:UI노출확인+알림푸시확인+멀티디바이스OS,1,0.0048
19.톡클라우드_백복(로직),compound:권한인증확인+콘텐츠미디어확인,1,0.0048
19.톡클라우드_백복(로직),compound:권한인증확인+알림푸시확인,1,0.0048
19.톡클라우드_백복(로직),compound:권한인증확인+예외에러확인+알림푸시확인,1,0.0048
19.톡클라우드_백복(로직),compound:UI노출확인+기능동작확인+권한인증확인,1,0.0048
19.톡클라우드_백복(로직),compound:UI노출확인+기능동작확인+권한인증확인+멀티디바이스OS,1,0.0048
20.톡클라우드_인물분류,ui_visibility,58,0.4603
20.톡클라우드_인물분류,data_change,9,0.0714
20.톡클라우드_인물분류,function_behavior,36,0.2857
20.톡클라우드_인물분류,permission_auth,1,0.0079
20.톡클라우드_인물분류,exception_error,4,0.0317
20.톡클라우드_인물분류,network_server,3,0.0238
20.톡클라우드_인물분류,notification,41,0.3254
20.톡클라우드_인물분류,multi_device_os,14,0.1111
20.톡클라우드_인물분류,state_persistence,16,0.127
20.톡클라우드_인물분류,content_media,77,0.6111
20.톡클라우드_인물분류,has_precondition,95,0.754
20.톡클라우드_인물분류,automation_candidate,45,0.3571
20.톡클라우드_인물분류,manual_required,0,0.0
20.톡클라우드_인물분류,compound:기능동작확인+알림푸시확인+콘텐츠미디어확인,15,0.119
20.톡클라우드_인물분류,compound:UI노출확인+콘텐츠미디어확인,10,0.0794
20.톡클라우드_인물분류,compound:기능동작확인+콘텐츠미디어확인,9,0.0714
20.톡클라우드_인물분류,compound:UI노출확인+기능동작확인+콘텐츠미디어확인,8,0.0635
20.톡클라우드_인물분류,compound:UI노출확인+데이터변경확인+콘텐츠미디어확인,7,0.0556
20.톡클라우드_인물분류,compound:UI노출확인+알림푸시확인,6,0.0476
20.톡클라우드_인물분류,compound:UI노출확인+알림푸시확인+설정상태유지+콘텐츠미디어확인,3,0.0238
20.톡클라우드_인물분류,compound:UI노출확인+예외에러확인+알림푸시확인+콘텐츠미디어확인,2,0.0159
20.톡클라우드_인물분류,compound:UI노출확인+네트워크서버연동+콘텐츠미디어확인,2,0.0159
20.톡클라우드_인물분류,compound:멀티디바이스OS+설정상태유지,2,0.0159
20.톡클라우드_인물분류,compound:알림푸시확인+콘텐츠미디어확인,2,0.0159
20.톡클라우드_인물분류,compound:UI노출확인+알림푸시확인+콘텐츠미디어확인,1,0.0079
20.톡클라우드_인물분류,compound:UI노출확인+기능동작확인+알림푸시확인,1,0.0079
20.톡클라우드_인물분류,compound:UI노출확인+네트워크서버연동+알림푸시확인+멀티디바이스OS+설정상태유지+콘텐츠미디어확인,1,0.0079
20.톡클라우드_인물분류,compound:알림푸시확인+멀티디바이스OS+설정상태유지+콘텐츠미디어확인,1,0.0079
20.톡클라우드_인물분류,compound:알림푸시확인+멀티디바이스OS+설정상태유지,1,0.0079
20.톡클라우드_인물분류,compound:UI노출확인+알림푸시확인+멀티디바이스OS+설정상태유지+콘텐츠미디어확인,1,0.0079
20.톡클라우드_인물분류,compound:UI노출확인+알림푸시확인+멀티디바이스OS+설정상태유지,1,0.0079
20.톡클라우드_인물분류,compound:UI노출확인+알림푸시확인+멀티디바이스OS,1,0.0079
20.톡클라우드_인물분류,compound:UI노출확인+예외에러확인,1,0.0079
20.톡클라우드_인물분류,compound:UI노출확인+데이터변경확인+멀티디바이스OS+설정상태유지,1,0.0079
20.톡클라우드_인물분류,compound:UI노출확인+설정상태유지+콘텐츠미디어확인,1,0.0079
20.톡클라우드_인물분류,compound:UI노출확인+설정상태유지,1,0.0079
20.톡클라우드_인물분류,compound:UI노출확인+데이터변경확인+알림푸시확인+설정상태유지,1,0.0079
20.톡클라우드_인물분류,compound:UI노출확인+알림푸시확인+설정상태유지,1,0.0079
20.톡클라우드_인물분류,compound:UI노출확인+기능동작확인+알림푸시확인+멀티디바이스OS+설정상태유지,1,0.0079
20.톡클라우드_인물분류,compound:UI노출확인+기능동작확인+알림푸시확인+콘텐츠미디어확인,1,0.0079
20.톡클라우드_인물분류,compound:UI노출확인+기능동작확인+권한인증확인+예외에러확인,1,0.0079
21.톡클라우드_버티컬(무료),ui_visibility,36,0.3529
21.톡클라우드_버티컬(무료),data_change,7,0.0686
21.톡클라우드_버티컬(무료),function_behavior,8,0.0784
21.톡클라우드_버티컬(무료),permission_auth,0,0.0
21.톡클라우드_버티컬(무료),exception_error,8,0.0784
21.톡클라우드_버티컬(무료),network_server,2,0.0196
21.톡클라우드_버티컬(무료),notification,17,0.1667
21.톡클라우드_버티컬(무료),multi_device_os,28,0.2745
21.톡클라우드_버티컬(무료),state_persistence,5,0.049
21.톡클라우드_버티컬(무료),content_media,77,0.7549
21.톡클라우드_버티컬(무료),has_precondition,41,0.402
21.톡클라우드_버티컬(무료),automation_candidate,8,0.0784
21.톡클라우드_버티컬(무료),manual_required,0,0.0
21.톡클라우드_버티컬(무료),compound:UI노출확인+콘텐츠미디어확인,16,0.1569
21.톡클라우드_버티컬(무료),compound:UI노출확인+멀티디바이스OS+콘텐츠미디어확인,6,0.0588
21.톡클라우드_버티컬(무료),compound:멀티디바이스OS+콘텐츠미디어확인,6,0.0588
21.톡클라우드_버티컬(무료),compound:데이터변경확인+알림푸시확인+멀티디바이스OS+콘텐츠미디어확인,3,0.0294
21.톡클라우드_버티컬(무료),compound:UI노출확인+기능동작확인+멀티디바이스OS,3,0.0294
21.톡클라우드_버티컬(무료),compound:예외에러확인+멀티디바이스OS,3,0.0294
21.톡클라우드_버티컬(무료),compound:설정상태유지+콘텐츠미디어확인,2,0.0196
21.톡클라우드_버티컬(무료),compound:알림푸시확인+설정상태유지+콘텐츠미디어확인,2,0.0196
21.톡클라우드_버티컬(무료),compound:데이터변경확인+네트워크서버연동+콘텐츠미디어확인,2,0.0196
21.톡클라우드_버티컬(무료),compound:UI노출확인+예외에러확인+알림푸시확인+콘텐츠미디어확인,2,0.0196
21.톡클라우드_버티컬(무료),compound:알림푸시확인+콘텐츠미디어확인,2,0.0196
21.톡클라우드_버티컬(무료),compound:UI노출확인+알림푸시확인+멀티디바이스OS+콘텐츠미디어확인,2,0.0196
21.톡클라우드_버티컬(무료),compound:데이터변경확인+멀티디바이스OS+콘텐츠미디어확인,1,0.0098
21.톡클라우드_버티컬(무료),compound:예외에러확인+콘텐츠미디어확인,1,0.0098
21.톡클라우드_버티컬(무료),compound:데이터변경확인+콘텐츠미디어확인,1,0.0098
21.톡클라우드_버티컬(무료),compound:기능동작확인+알림푸시확인,1,0.0098
21.톡클라우드_버티컬(무료),compound:UI노출확인+알림푸시확인,1,0.0098
21.톡클라우드_버티컬(무료),compound:UI노출확인+예외에러확인+알림푸시확인,1,0.0098
21.톡클라우드_버티컬(무료),compound:예외에러확인+알림푸시확인+콘텐츠미디어확인,1,0.0098
21.톡클라우드_버티컬(무료),compound:UI노출확인+기능동작확인+콘텐츠미디어확인,1,0.0098
21.톡클라우드_버티컬(무료),compound:UI노출확인+알림푸시확인+콘텐츠미디어확인,1,0.0098
21.톡클라우드_버티컬(무료),compound:UI노출확인+기능동작확인+멀티디바이스OS+콘텐츠미디어확인,1,0.0098
22.톡클라우드_버티컬(유료),ui_visibility,527,0.4041
22.톡클라우드_버티컬(유료),data_change,92,0.0706
22.톡클라우드_버티컬(유료),function_behavior,140,0.1074
22.톡클라우드_버티컬(유료),permission_auth,19,0.0146
22.톡클라우드_버티컬(유료),exception_error,240,0.184
22.톡클라우드_버티컬(유료),network_server,46,0.0353
22.톡클라우드_버티컬(유료),notification,226,0.1733
22.톡클라우드_버티컬(유료),multi_device_os,166,0.1273
22.톡클라우드_버티컬(유료),state_persistence,73,0.056
22.톡클라우드_버티컬(유료),content_media,854,0.6549
22.톡클라우드_버티컬(유료),has_precondition,935,0.717
22.톡클라우드_버티컬(유료),automation_candidate,361,0.2768
22.톡클라우드_버티컬(유료),manual_required,0,0.0
22.톡클라우드_버티컬(유료),compound:UI노출확인+콘텐츠미디어확인,161,0.1235
22.톡클라우드_버티컬(유료),compound:예외에러확인+콘텐츠미디어확인,44,0.0337
22.톡클라우드_버티컬(유료),compound:UI노출확인+멀티디바이스OS+콘텐츠미디어확인,32,0.0245
22.톡클라우드_버티컬(유료),compound:UI노출확인+예외에러확인+콘텐츠미디어확인,26,0.0199
22.톡클라우드_버티컬(유료),compound:UI노출확인+기능동작확인+콘텐츠미디어확인,26,0.0199
22.톡클라우드_버티컬(유료),compound:멀티디바이스OS+콘텐츠미디어확인,24,0.0184
22.톡클라우드_버티컬(유료),compound:UI노출확인+기능동작확인+알림푸시확인+콘텐츠미디어확인,24,0.0184
22.톡클라우드_버티컬(유료),compound:UI노출확인+데이터변경확인+예외에러확인+알림푸시확인+콘텐츠미디어확인,22,0.0169
22.톡클라우드_버티컬(유료),compound:예외에러확인+알림푸시확인,19,0.0146
22.톡클라우드_버티컬(유료),compound:알림푸시확인+콘텐츠미디어확인,16,0.0123
22.톡클라우드_버티컬(유료),compound:UI노출확인+기능동작확인+멀티디바이스OS+콘텐츠미디어확인,15,0.0115
22.톡클라우드_버티컬(유료),compound:UI노출확인+설정상태유지+콘텐츠미디어확인,14,0.0107
22.톡클라우드_버티컬(유료),compound:설정상태유지+콘텐츠미디어확인,13,0.01
22.톡클라우드_버티컬(유료),compound:UI노출확인+예외에러확인+알림푸시확인+콘텐츠미디어확인,12,0.0092
22.톡클라우드_버티컬(유료),compound:예외에러확인+네트워크서버연동,10,0.0077
22.톡클라우드_버티컬(유료),compound:UI노출확인+예외에러확인,8,0.0061
22.톡클라우드_버티컬(유료),compound:예외에러확인+네트워크서버연동+콘텐츠미디어확인,8,0.0061
22.톡클라우드_버티컬(유료),compound:UI노출확인+멀티디바이스OS,8,0.0061
22.톡클라우드_버티컬(유료),compound:UI노출확인+알림푸시확인,7,0.0054
22.톡클라우드_버티컬(유료),compound:데이터변경확인+알림푸시확인+멀티디바이스OS+콘텐츠미디어확인,7,0.0054
22.톡클라우드_버티컬(유료),compound:데이터변경확인+콘텐츠미디어확인,7,0.0054
22.톡클라우드_버티컬(유료),compound:데이터변경확인+알림푸시확인+콘텐츠미디어확인,7,0.0054
22.톡클라우드_버티컬(유료),compound:UI노출확인+기능동작확인+알림푸시확인+멀티디바이스OS+콘텐츠미디어확인,7,0.0054
22.톡클라우드_버티컬(유료),compound:UI노출확인+예외에러확인+알림푸시확인,6,0.0046
22.톡클라우드_버티컬(유료),compound:예외에러확인+알림푸시확인+콘텐츠미디어확인,6,0.0046
22.톡클라우드_버티컬(유료),compound:기능동작확인+콘텐츠미디어확인,6,0.0046
22.톡클라우드_버티컬(유료),compound:UI노출확인+데이터변경확인+콘텐츠미디어확인,6,0.0046
22.톡클라우드_버티컬(유료),compound:예외에러확인+알림푸시확인+설정상태유지+콘텐츠미디어확인,6,0.0046
22.톡클라우드_버티컬(유료),compound:UI노출확인+기능동작확인,5,0.0038
22.톡클라우드_버티컬(유료),compound:데이터변경확인+멀티디바이스OS+콘텐츠미디어확인,5,0.0038
22.톡클라우드_버티컬(유료),compound:멀티디바이스OS+설정상태유지+콘텐츠미디어확인,4,0.0031
22.톡클라우드_버티컬(유료),compound:UI노출확인+알림푸시확인+콘텐츠미디어확인,4,0.0031
22.톡클라우드_버티컬(유료),compound:기능동작확인+멀티디바이스OS+콘텐츠미디어확인,4,0.0031
22.톡클라우드_버티컬(유료),compound:UI노출확인+기능동작확인+예외에러확인,4,0.0031
22.톡클라우드_버티컬(유료),compound:UI노출확인+네트워크서버연동+콘텐츠미디어확인,4,0.0031
22.톡클라우드_버티컬(유료),compound:알림푸시확인+멀티디바이스OS,4,0.0031
22.톡클라우드_버티컬(유료),compound:데이터변경확인+기능동작확인+예외에러확인+알림푸시확인+멀티디바이스OS+콘텐츠미디어확인,3,0.0023
22.톡클라우드_버티컬(유료),compound:기능동작확인+알림푸시확인,3,0.0023
22.톡클라우드_버티컬(유료),compound:UI노출확인+예외에러확인+알림푸시확인+멀티디바이스OS,3,0.0023
22.톡클라우드_버티컬(유료),compound:기능동작확인+예외에러확인+콘텐츠미디어확인,3,0.0023
22.톡클라우드_버티컬(유료),compound:네트워크서버연동+콘텐츠미디어확인,3,0.0023
22.톡클라우드_버티컬(유료),compound:UI노출확인+예외에러확인+알림푸시확인+설정상태유지+콘텐츠미디어확인,3,0.0023
22.톡클라우드_버티컬(유료),compound:예외에러확인+멀티디바이스OS,3,0.0023
22.톡클라우드_버티컬(유료),compound:UI노출확인+데이터변경확인+기능동작확인+예외에러확인+알림푸시확인,3,0.0023
22.톡클라우드_버티컬(유료),compound:UI노출확인+네트워크서버연동+멀티디바이스OS+설정상태유지+콘텐츠미디어확인,3,0.0023
22.톡클라우드_버티컬(유료),compound:데이터변경확인+권한인증확인+예외에러확인+알림푸시확인+멀티디바이스OS+콘텐츠미디어확인,2,0.0015
22.톡클라우드_버티컬(유료),compound:UI노출확인+권한인증확인+예외에러확인,2,0.0015
22.톡클라우드_버티컬(유료),compound:UI노출확인+권한인증확인+콘텐츠미디어확인,2,0.0015
22.톡클라우드_버티컬(유료),compound:기능동작확인+예외에러확인,2,0.0015
22.톡클라우드_버티컬(유료),compound:예외에러확인+알림푸시확인+설정상태유지,2,0.0015
22.톡클라우드_버티컬(유료),compound:UI노출확인+기능동작확인+멀티디바이스OS+설정상태유지,2,0.0015
22.톡클라우드_버티컬(유료),compound:UI노출확인+데이터변경확인+설정상태유지+콘텐츠미디어확인,2,0.0015
22.톡클라우드_버티컬(유료),compound:UI노출확인+기능동작확인+권한인증확인+예외에러확인+알림푸시확인,2,0.0015
22.톡클라우드_버티컬(유료),compound:기능동작확인+예외에러확인+알림푸시확인+멀티디바이스OS+콘텐츠미디어확인,2,0.0015
22.톡클라우드_버티컬(유료),compound:기능동작확인+예외에러확인+알림푸시확인+콘텐츠미디어확인,2,0.0015
22.톡클라우드_버티컬(유료),compound:UI노출확인+네트워크서버연동+멀티디바이스OS+콘텐츠미디어확인,2,0.0015
22.톡클라우드_버티컬(유료),compound:알림푸시확인+멀티디바이스OS+콘텐츠미디어확인,2,0.0015
22.톡클라우드_버티컬(유료),compound:UI노출확인+알림푸시확인+멀티디바이스OS+콘텐츠미디어확인,2,0.0015
22.톡클라우드_버티컬(유료),compound:UI노출확인+데이터변경확인+기능동작확인+멀티디바이스OS+콘텐츠미디어확인,2,0.0015
22.톡클라우드_버티컬(유료),compound:UI노출확인+알림푸시확인+멀티디바이스OS,2,0.0015
22.톡클라우드_버티컬(유료),compound:UI노출확인+데이터변경확인+권한인증확인+콘텐츠미디어확인,2,0.0015
22.톡클라우드_버티컬(유료),compound:기능동작확인+예외에러확인+멀티디바이스OS+콘텐츠미디어확인,2,0.0015
22.톡클라우드_버티컬(유료),compound:예외에러확인+멀티디바이스OS+콘텐츠미디어확인,2,0.0015
22.톡클라우드_버티컬(유료),compound:데이터변경확인+예외에러확인+알림푸시확인+콘텐츠미디어확인,2,0.0015
22.톡클라우드_버티컬(유료),compound:UI노출확인+데이터변경확인+알림푸시확인+멀티디바이스OS+콘텐츠미디어확인,2,0.0015
22.톡클라우드_버티컬(유료),compound:UI노출확인+데이터변경확인+기능동작확인+알림푸시확인+멀티디바이스OS+콘텐츠미디어확인,2,0.0015
22.톡클라우드_버티컬(유료),compound:기능동작확인+권한인증확인+예외에러확인+알림푸시확인+콘텐츠미디어확인,1,0.0008
22.톡클라우드_버티컬(유료),compound:권한인증확인+예외에러확인+알림푸시확인+콘텐츠미디어확인,1,0.0008
22.톡클라우드_버티컬(유료),compound:예외에러확인+네트워크서버연동+알림푸시확인,1,0.0008
22.톡클라우드_버티컬(유료),compound:권한인증확인+예외에러확인,1,0.0008
22.톡클라우드_버티컬(유료),compound:네트워크서버연동+알림푸시확인,1,0.0008
22.톡클라우드_버티컬(유료),compound:UI노출확인+예외에러확인+멀티디바이스OS+콘텐츠미디어확인,1,0.0008
22.톡클라우드_버티컬(유료),compound:알림푸시확인+설정상태유지+콘텐츠미디어확인,1,0.0008
22.톡클라우드_버티컬(유료),compound:UI노출확인+권한인증확인,1,0.0008
22.톡클라우드_버티컬(유료),compound:기능동작확인+설정상태유지,1,0.0008
22.톡클라우드_버티컬(유료),compound:UI노출확인+네트워크서버연동,1,0.0008
22.톡클라우드_버티컬(유료),compound:UI노출확인+데이터변경확인+예외에러확인+설정상태유지,1,0.0008
22.톡클라우드_버티컬(유료),compound:네트워크서버연동+알림푸시확인+멀티디바이스OS,1,0.0008
22.톡클라우드_버티컬(유료),compound:UI노출확인+설정상태유지,1,0.0008
22.톡클라우드_버티컬(유료),compound:UI노출확인+기능동작확인+예외에러확인+멀티디바이스OS+설정상태유지+콘텐츠미디어확인,1,0.0008
22.톡클라우드_버티컬(유료),compound:UI노출확인+멀티디바이스OS+설정상태유지+콘텐츠미디어확인,1,0.0008
22.톡클라우드_버티컬(유료),compound:UI노출확인+기능동작확인+멀티디바이스OS+설정상태유지+콘텐츠미디어확인,1,0.0008
22.톡클라우드_버티컬(유료),compound:알림푸시확인+멀티디바이스OS+설정상태유지+콘텐츠미디어확인,1,0.0008
22.톡클라우드_버티컬(유료),compound:네트워크서버연동+설정상태유지+콘텐츠미디어확인,1,0.0008
22.톡클라우드_버티컬(유료),compound:UI노출확인+기능동작확인+예외에러확인+알림푸시확인,1,0.0008
22.톡클라우드_버티컬(유료),compound:데이터변경확인+기능동작확인,1,0.0008
22.톡클라우드_버티컬(유료),compound:UI노출확인+데이터변경확인+권한인증확인+예외에러확인+알림푸시확인+콘텐츠미디어확인,1,0.0008
22.톡클라우드_버티컬(유료),compound:데이터변경확인+네트워크서버연동+설정상태유지+콘텐츠미디어확인,1,0.0008
22.톡클라우드_버티컬(유료),compound:UI노출확인+데이터변경확인+기능동작확인+예외에러확인+콘텐츠미디어확인,1,0.0008
22.톡클라우드_버티컬(유료),compound:UI노출확인+데이터변경확인+기능동작확인+설정상태유지+콘텐츠미디어확인,1,0.0008
22.톡클라우드_버티컬(유료),compound:UI노출확인+기능동작확인+설정상태유지+콘텐츠미디어확인,1,0.0008
22.톡클라우드_버티컬(유료),compound:UI노출확인+기능동작확인+멀티디바이스OS,1,0.0008
22.톡클라우드_버티컬(유료),compound:데이터변경확인+권한인증확인+콘텐츠미디어확인,1,0.0008
22.톡클라우드_버티컬(유료),compound:데이터변경확인+예외에러확인+콘텐츠미디어확인,1,0.0008
22.톡클라우드_버티컬(유료),compound:데이터변경확인+네트워크서버연동+콘텐츠미디어확인,1,0.0008
22.톡클라우드_버티컬(유료),compound:UI노출확인+데이터변경확인+알림푸시확인+설정상태유지+콘텐츠미디어확인,1,0.0008
22.톡클라우드_버티컬(유료),compound:UI노출확인+데이터변경확인+예외에러확인+알림푸시확인,1,0.0008
22.톡클라우드_버티컬(유료),compound:예외에러확인+알림푸시확인+멀티디바이스OS+콘텐츠미디어확인,1,0.0008
22.톡클라우드_버티컬(유료),compound:UI노출확인+예외에러확인+네트워크서버연동+알림푸시확인+콘텐츠미디어확인,1,0.0008
22.톡클라우드_버티컬(유료),compound:UI노출확인+예외에러확인+네트워크서버연동+알림푸시확인,1,0.0008
22.톡클라우드_버티컬(유료),compound:UI노출확인+예외에러확인+알림푸시확인+설정상태유지,1,0.0008
22.톡클라우드_버티컬(유료),compound:알림푸시확인+설정상태유지,1,0.0008
22.톡클라우드_버티컬(유료),compound:예외에러확인+설정상태유지,1,0.0008
22.톡클라우드_버티컬(유료),compound:UI노출확인+예외에러확인+설정상태유지,1,0.0008
22.톡클라우드_버티컬(유료),compound:UI노출확인+데이터변경확인+멀티디바이스OS+콘텐츠미디어확인,1,0.0008
22.톡클라우드_버티컬(유료),compound:UI노출확인+데이터변경확인,1,0.0008
22.톡클라우드_버티컬(유료),compound:데이터변경확인+알림푸시확인+멀티디바이스OS+설정상태유지+콘텐츠미디어확인,1,0.0008
23.죠르디,ui_visibility,10,0.0485
23.죠르디,data_change,10,0.0485
23.죠르디,function_behavior,3,0.0146
23.죠르디,permission_auth,1,0.0049
23.죠르디,exception_error,13,0.0631
23.죠르디,network_server,10,0.0485
23.죠르디,notification,40,0.1942
23.죠르디,multi_device_os,29,0.1408
23.죠르디,state_persistence,27,0.1311
23.죠르디,content_media,62,0.301
23.죠르디,has_precondition,44,0.2136
23.죠르디,automation_candidate,2,0.0097
23.죠르디,manual_required,5,0.0243
23.죠르디,compound:알림푸시확인+콘텐츠미디어확인,7,0.034
23.죠르디,compound:알림푸시확인+설정상태유지,6,0.0291
23.죠르디,compound:데이터변경확인+콘텐츠미디어확인,6,0.0291
23.죠르디,compound:알림푸시확인+멀티디바이스OS,4,0.0194
23.죠르디,compound:멀티디바이스OS+콘텐츠미디어확인,4,0.0194
23.죠르디,compound:알림푸시확인+멀티디바이스OS+설정상태유지,3,0.0146
23.죠르디,compound:UI노출확인+네트워크서버연동+알림푸시확인+멀티디바이스OS,3,0.0146
23.죠르디,compound:멀티디바이스OS+설정상태유지,2,0.0097
23.죠르디,compound:예외에러확인+멀티디바이스OS,2,0.0097
23.죠르디,compound:예외에러확인+콘텐츠미디어확인,2,0.0097
23.죠르디,compound:UI노출확인+콘텐츠미디어확인,2,0.0097
23.죠르디,compound:네트워크서버연동+알림푸시확인+멀티디바이스OS,1,0.0049
23.죠르디,compound:기능동작확인+알림푸시확인+콘텐츠미디어확인,1,0.0049
23.죠르디,compound:데이터변경확인+예외에러확인+알림푸시확인+콘텐츠미디어확인,1,0.0049
23.죠르디,compound:UI노출확인+알림푸시확인+콘텐츠미디어확인,1,0.0049
23.죠르디,compound:데이터변경확인+알림푸시확인+콘텐츠미디어확인,1,0.0049
23.죠르디,compound:예외에러확인+알림푸시확인+멀티디바이스OS+콘텐츠미디어확인,1,0.0049
23.죠르디,compound:UI노출확인+예외에러확인+알림푸시확인+설정상태유지+콘텐츠미디어확인,1,0.0049
23.죠르디,compound:UI노출확인+멀티디바이스OS+콘텐츠미디어확인,1,0.0049
23.죠르디,compound:권한인증확인+알림푸시확인,1,0.0049
23.죠르디,compound:예외에러확인+알림푸시확인,1,0.0049
23.죠르디,compound:예외에러확인+설정상태유지,1,0.0049
24. 더보기,ui_visibility,14,0.5185
24. 더보기,data_change,2,0.0741
24. 더보기,function_behavior,6,0.2222
24. 더보기,permission_auth,3,0.1111
24. 더보기,exception_error,2,0.0741
24. 더보기,network_server,5,0.1852
24. 더보기,notification,5,0.1852
24. 더보기,multi_device_os,1,0.037
24. 더보기,state_persistence,1,0.037
24. 더보기,content_media,1,0.037
24. 더보기,has_precondition,9,0.3333
24. 더보기,automation_candidate,0,0.0
24. 더보기,manual_required,0,0.0
24. 더보기,compound:기능동작확인+알림푸시확인,3,0.1111
24. 더보기,compound:UI노출확인+네트워크서버연동,3,0.1111
24. 더보기,compound:UI노출확인+콘텐츠미디어확인,1,0.037
24. 더보기,compound:알림푸시확인+설정상태유지,1,0.037
24. 더보기,compound:기능동작확인+알림푸시확인+멀티디바이스OS,1,0.037
24. 더보기,compound:권한인증확인+예외에러확인,1,0.037
24. 더보기,compound:데이터변경확인+권한인증확인+네트워크서버연동,1,0.037
24. 더보기,compound:UI노출확인+데이터변경확인+권한인증확인,1,0.037
24. 더보기,compound:UI노출확인+예외에러확인+네트워크서버연동,1,0.037
25. 설정,ui_visibility,137,0.3278
25. 설정,data_change,31,0.0742
25. 설정,function_behavior,25,0.0598
25. 설정,permission_auth,71,0.1699
25. 설정,exception_error,70,0.1675
25. 설정,network_server,23,0.055
25. 설정,notification,135,0.323
25. 설정,multi_device_os,107,0.256
25. 설정,state_persistence,17,0.0407
25. 설정,content_media,89,0.2129
25. 설정,has_precondition,132,0.3158
25. 설정,automation_candidate,30,0.0718
25. 설정,manual_required,2,0.0048
25. 설정,compound:UI노출확인+권한인증확인,12,0.0287
25. 설정,compound:UI노출확인+알림푸시확인,11,0.0263
25. 설정,compound:알림푸시확인+멀티디바이스OS,10,0.0239
25. 설정,compound:예외에러확인+알림푸시확인+멀티디바이스OS,10,0.0239
25. 설정,compound:UI노출확인+네트워크서버연동+멀티디바이스OS+콘텐츠미디어확인,9,0.0215
25. 설정,compound:UI노출확인+권한인증확인+멀티디바이스OS,7,0.0167
25. 설정,compound:권한인증확인+알림푸시확인+멀티디바이스OS,7,0.0167
25. 설정,compound:UI노출확인+알림푸시확인+멀티디바이스OS,6,0.0144
25. 설정,compound:UI노출확인+멀티디바이스OS,6,0.0144
25. 설정,compound:멀티디바이스OS+콘텐츠미디어확인,6,0.0144
25. 설정,compound:예외에러확인+알림푸시확인,5,0.012
25. 설정,compound:알림푸시확인+콘텐츠미디어확인,5,0.012
25. 설정,compound:데이터변경확인+콘텐츠미디어확인,5,0.012
25. 설정,compound:권한인증확인+예외에러확인,4,0.0096
25. 설정,compound:UI노출확인+권한인증확인+알림푸시확인,4,0.0096
25. 설정,compound:권한인증확인+알림푸시확인,4,0.0096
25. 설정,compound:UI노출확인+예외에러확인,4,0.0096
25. 설정,compound:UI노출확인+콘텐츠미디어확인,4,0.0096
25. 설정,compound:데이터변경확인+멀티디바이스OS+콘텐츠미디어확인,4,0.0096
25. 설정,compound:알림푸시확인+멀티디바이스OS+콘텐츠미디어확인,3,0.0072
25. 설정,compound:UI노출확인+기능동작확인,3,0.0072
25. 설정,compound:UI노출확인+권한인증확인+예외에러확인,3,0.0072
25. 설정,compound:UI노출확인+예외에러확인+알림푸시확인,3,0.0072
25. 설정,compound:UI노출확인+데이터변경확인,3,0.0072
25. 설정,compound:예외에러확인+네트워크서버연동+콘텐츠미디어확인,3,0.0072
25. 설정,compound:예외에러확인+알림푸시확인+콘텐츠미디어확인,3,0.0072
25. 설정,compound:UI노출확인+멀티디바이스OS+콘텐츠미디어확인,3,0.0072
25. 설정,compound:UI노출확인+예외에러확인+콘텐츠미디어확인,3,0.0072
25. 설정,compound:UI노출확인+권한인증확인+설정상태유지+콘텐츠미디어확인,2,0.0048
25. 설정,compound:기능동작확인+알림푸시확인,2,0.0048
25. 설정,compound:UI노출확인+권한인증확인+알림푸시확인+멀티디바이스OS,2,0.0048
25. 설정,compound:UI노출확인+권한인증확인+콘텐츠미디어확인,2,0.0048
25. 설정,compound:UI노출확인+데이터변경확인+권한인증확인+멀티디바이스OS,2,0.0048
25. 설정,compound:권한인증확인+네트워크서버연동,2,0.0048
25. 설정,compound:예외에러확인+멀티디바이스OS,2,0.0048
25. 설정,compound:권한인증확인+예외에러확인+알림푸시확인+멀티디바이스OS,2,0.0048
25. 설정,compound:데이터변경확인+알림푸시확인,2,0.0048
25. 설정,compound:권한인증확인+멀티디바이스OS,2,0.0048
25. 설정,compound:UI노출확인+기능동작확인+권한인증확인+예외에러확인+알림푸시확인,2,0.0048
25. 설정,compound:예외에러확인+네트워크서버연동,2,0.0048
25. 설정,compound:멀티디바이스OS+설정상태유지+콘텐츠미디어확인,2,0.0048
25. 설정,compound:예외에러확인+콘텐츠미디어확인,2,0.0048
25. 설정,compound:기능동작확인+예외에러확인+멀티디바이스OS,2,0.0048
25. 설정,compound:알림푸시확인+설정상태유지,1,0.0024
25. 설정,compound:데이터변경확인+예외에러확인,1,0.0024
25. 설정,compound:권한인증확인+네트워크서버연동+콘텐츠미디어확인,1,0.0024
25. 설정,compound:UI노출확인+권한인증확인+알림푸시확인+설정상태유지,1,0.0024
25. 설정,compound:UI노출확인+기능동작확인+네트워크서버연동,1,0.0024
25. 설정,compound:권한인증확인+설정상태유지,1,0.0024
25. 설정,compound:기능동작확인+콘텐츠미디어확인,1,0.0024
25. 설정,compound:UI노출확인+알림푸시확인+설정상태유지,1,0.0024
25. 설정,compound:예외에러확인+설정상태유지,1,0.0024
25. 설정,compound:UI노출확인+기능동작확인+콘텐츠미디어확인,1,0.0024
25. 설정,compound:UI노출확인+기능동작확인+예외에러확인+알림푸시확인+콘텐츠미디어확인,1,0.0024
25. 설정,compound:알림푸시확인+멀티디바이스OS+설정상태유지,1,0.0024
25. 설정,compound:UI노출확인+네트워크서버연동+알림푸시확인+멀티디바이스OS+설정상태유지,1,0.0024
25. 설정,compound:UI노출확인+기능동작확인+권한인증확인+예외에러확인,1,0.0024
25. 설정,compound:UI노출확인+기능동작확인+권한인증확인+예외에러확인+알림푸시확인+멀티디바이스OS,1,0.0024
25. 설정,compound:네트워크서버연동+알림푸시확인+멀티디바이스OS,1,0.0024
25. 설정,compound:UI노출확인+예외에러확인+알림푸시확인+콘텐츠미디어확인,1,0.0024
25. 설정,compound:예외에러확인+멀티디바이스OS+콘텐츠미디어확인,1,0.0024
25. 설정,compound:데이터변경확인+멀티디바이스OS+설정상태유지+콘텐츠미디어확인,1,0.0024
25. 설정,compound:UI노출확인+데이터변경확인+알림푸시확인+멀티디바이스OS,1,0.0024
25. 설정,compound:UI노출확인+데이터변경확인+예외에러확인+멀티디바이스OS,1,0.0024
25. 설정,compound:네트워크서버연동+멀티디바이스OS+콘텐츠미디어확인,1,0.0024
25. 설정,compound:예외에러확인+네트워크서버연동+알림푸시확인+콘텐츠미디어확인,1,0.0024
25. 설정,compound:UI노출확인+권한인증확인+알림푸시확인+콘텐츠미디어확인,1,0.0024
25. 설정,compound:데이터변경확인+멀티디바이스OS,1,0.0024
25. 설정,compound:데이터변경확인+예외에러확인+콘텐츠미디어확인,1,0.0024
25. 설정,compound:UI노출확인+예외에러확인+네트워크서버연동+알림푸시확인+멀티디바이스OS+콘텐츠미디어확인,1,0.0024
25. 설정,compound:권한인증확인+콘텐츠미디어확인,1,0.0024
25. 설정,compound:UI노출확인+데이터변경확인+설정상태유지,1,0.0024
25. 설정,compound:UI노출확인+예외에러확인+멀티디바이스OS,1,0.0024
25. 설정,compound:기능동작확인+멀티디바이스OS,1,0.0024
25. 설정,compound:UI노출확인+권한인증확인+예외에러확인+멀티디바이스OS+설정상태유지,1,0.0024
26.기타,ui_visibility,13,0.325
26.기타,data_change,2,0.05
26.기타,function_behavior,23,0.575
26.기타,permission_auth,0,0.0
26.기타,exception_error,2,0.05
26.기타,network_server,0,0.0
26.기타,notification,0,0.0
26.기타,multi_device_os,5,0.125
26.기타,state_persistence,7,0.175
26.기타,content_media,1,0.025
26.기타,has_precondition,2,0.05
26.기타,automation_candidate,1,0.025
26.기타,manual_required,0,0.0
26.기타,compound:UI노출확인+설정상태유지,4,0.1
26.기타,compound:UI노출확인+기능동작확인,4,0.1
26.기타,compound:예외에러확인+멀티디바이스OS,2,0.05
26.기타,compound:데이터변경확인+설정상태유지,1,0.025
26.기타,compound:UI노출확인+멀티디바이스OS+설정상태유지,1,0.025
26.기타,compound:UI노출확인+데이터변경확인,1,0.025
26.기타,compound:UI노출확인+콘텐츠미디어확인,1,0.025
27.카나나템플릿,ui_visibility,26,0.1781
27.카나나템플릿,data_change,0,0.0
27.카나나템플릿,function_behavior,2,0.0137
27.카나나템플릿,permission_auth,6,0.0411
27.카나나템플릿,exception_error,12,0.0822
27.카나나템플릿,network_server,5,0.0342
27.카나나템플릿,notification,23,0.1575
27.카나나템플릿,multi_device_os,7,0.0479
27.카나나템플릿,state_persistence,14,0.0959
27.카나나템플릿,content_media,123,0.8425
27.카나나템플릿,has_precondition,35,0.2397
27.카나나템플릿,automation_candidate,0,0.0
27.카나나템플릿,manual_required,0,0.0
27.카나나템플릿,compound:UI노출확인+콘텐츠미디어확인,20,0.137
27.카나나템플릿,compound:알림푸시확인+콘텐츠미디어확인,18,0.1233
27.카나나템플릿,compound:설정상태유지+콘텐츠미디어확인,8,0.0548
27.카나나템플릿,compound:멀티디바이스OS+콘텐츠미디어확인,4,0.0274
27.카나나템플릿,compound:예외에러확인+콘텐츠미디어확인,4,0.0274
27.카나나템플릿,compound:네트워크서버연동+콘텐츠미디어확인,3,0.0205
27.카나나템플릿,compound:예외에러확인+설정상태유지+콘텐츠미디어확인,2,0.0137
27.카나나템플릿,compound:UI노출확인+예외에러확인+알림푸시확인+멀티디바이스OS,2,0.0137
27.카나나템플릿,compound:기능동작확인+콘텐츠미디어확인,2,0.0137
27.카나나템플릿,compound:권한인증확인+콘텐츠미디어확인,1,0.0068
27.카나나템플릿,compound:UI노출확인+설정상태유지+콘텐츠미디어확인,1,0.0068
27.카나나템플릿,compound:UI노출확인+예외에러확인+콘텐츠미디어확인,1,0.0068
27.카나나템플릿,compound:권한인증확인+네트워크서버연동+알림푸시확인+설정상태유지+콘텐츠미디어확인,1,0.0068
27.카나나템플릿,compound:네트워크서버연동+알림푸시확인+설정상태유지+콘텐츠미디어확인,1,0.0068
27.카나나템플릿,compound:권한인증확인+알림푸시확인+설정상태유지+콘텐츠미디어확인,1,0.0068
